SMILES,L,B1,B5
[2H][H],2.14,1.0,1.0
[2H]F,2.68,1.35,1.35
[2H]Cl,3.49,1.8,1.8
[2H]Br,3.79,1.95,1.95
[2H]C,2.99,1.52,2.03
[2H]OC,3.89,1.28,3.1
[2H]CC,4.15,1.56,3.17
[2H]OCC,4.83,1.16,3.38
[2H]N,2.92,0.97,1.98
[2H]CNC,4.94,1.56,3.5
[2H]C#N,4.33,1.7,1.7
[2H]C=O,3.51,1.37,2.37
[2H]CN,3.64,1.56,3.02
[2H]CCO,4.8,1.54,3.26
[2H]C=C,4.28,1.7,3.11
[2H]CCC,5.09,1.56,3.49
[2H]SC,4.05,1.46,3.45
[2H]CO,3.4,1.55,2.93
[2H]NCC,4.0,0.97,4.38
[2H]C#C,4.74,1.6,1.6
[2H]S,3.45,1.08,2.35
[2H]NC,4.01,0.97,3.18
[2H]CNN,4.92,1.54,3.34
[2H]CCN,5.01,1.55,3.37
[2H]COC,3.38,1.54,4.21
[2H]CBr,4.04,1.5,3.82
[2H]N=O,3.2,1.43,2.5
[2H]SCC,4.05,1.46,4.8
[2H]CSC,5.34,1.52,3.5
[2H]OCCC,6.01,1.15,4.45
[2H]C=CC,4.28,1.7,4.21
[2H]CC#N,4.11,1.54,4.16
[2H]CNCC,4.36,1.55,5.58
[2H]OCCO,4.85,1.24,3.36
[2H]SC#N,3.8,1.7,4.55
[2H]C=NO,3.89,1.7,3.93
[2H]CCCC,6.25,1.56,4.56
[2H]CC=C,4.54,1.55,4.07
[2H]C=NC,3.91,1.7,4.03
[2H]OCCN,3.75,1.28,4.35
[2H]COCC,5.75,1.54,4.56
[2H]CC=O,4.08,1.52,3.42
[2H]CN=O,3.99,1.5,3.3
[2H]CCCO,4.15,1.56,5.46
[2H]CCOC,4.13,1.54,5.41
[2H]CCBr,4.13,1.54,4.85
[2H]N(C)C,3.98,1.35,3.15
[2H]C(C)O,4.12,1.77,3.17
[2H]NCC#N,4.01,0.96,5.18
[2H]CC=CC,5.49,1.56,5.28
[2H]C(C)N,4.1,1.88,3.17
[2H]OCCCC,6.96,1.15,4.79
[2H]C=CCO,4.28,1.57,4.83
[2H]C(C)C,4.1,1.92,3.18
[2H]C=NOC,3.89,1.7,5.21
[2H]CCCCC,7.19,1.56,4.96
[2H]CCC#N,4.14,1.54,5.21
[2H]CCC=O,4.14,1.54,4.51
[2H]OCCOC,3.82,1.28,5.11
[2H]C(C)=O,4.23,1.38,3.13
[2H]CN(C)C,3.58,1.55,4.28
[2H]C(=O)O,3.92,1.35,2.62
[2H]CC(C)N,5.08,1.54,4.31
[2H]CCCSCC,6.29,1.55,6.64
[2H]C(=N)S,4.42,1.7,3.36
[2H]C(C)CC,4.11,1.92,4.5
[2H]CCCCCC,4.37,1.56,8.29
[2H]S(C)=O,3.84,1.32,3.39
[2H]OC(F)F,3.88,1.35,3.6
[2H]C(=N)O,3.98,1.47,2.87
[2H]OC(C)C,4.83,1.31,4.39
[2H]COCCCC,4.61,1.54,8.03
[2H]C=CC=O,4.27,1.7,4.87
[2H]CC(C)C,5.09,1.56,4.47
[2H]CC1CO1,4.85,1.54,3.81
[2H]C(O)CN,4.12,1.74,4.02
[2H]C(=N)N,4.02,1.62,3.05
[2H]C(=C)C,4.24,1.77,3.13
[2H]C(O)CC,4.12,1.69,4.47
[2H]OCCCCN,3.87,1.28,4.88
[2H]CCNCC,4.22,1.54,6.85
[2H]CCN=CO,6.84,1.54,4.01
[2H]OCCCCC,8.15,1.15,5.84
[2H]C(O)CO,4.1,1.82,3.77
[2H]OCC=C,3.88,1.28,5.23
[2H]C(=S)S,4.39,1.7,3.35
[2H]C=NCCO,6.14,1.7,4.83
[2H]C(N)CC,4.1,1.9,4.49
[2H]C(=O)OC,4.87,1.7,3.5
[2H]CC(C)NC,4.35,1.55,5.06
[2H]N(CC)CC,3.99,2.11,4.4
[2H]CC(=O)O,4.08,1.52,4.17
[2H]OCCCCCC,9.1,1.15,6.21
[2H]C(O)=NN,5.06,1.46,2.82
[2H]CCCl,5.62,1.54,3.31
[2H]C(C)=NO,4.31,1.77,3.95
[2H]C(O)C#N,4.09,1.66,4.18
[2H]OC(C)=O,4.75,1.18,3.56
[2H]N=C(C)O,4.61,1.7,4.21
[2H]CCC(C)O,4.24,1.55,5.72
[2H]C(=O)CC,5.17,1.7,3.37
[2H]C=CN=CO,4.36,1.7,6.03
[2H]C(O)CNC,4.41,1.68,5.5
[2H]C(O)=NO,4.88,1.46,2.82
[2H]C(C)CCC,4.11,1.92,5.75
[2H]C(O)=NC,3.95,1.47,4.02
[2H]CC(=N)O,4.74,1.54,4.22
[2H]C1CCCC1,5.1,1.86,3.88
[2H]CCN(C)C,4.7,1.55,5.47
[2H]OCCCCNC,3.87,1.56,4.86
[2H]CC(C)Br,5.07,1.54,4.83
[2H]CCC(C)C,6.38,1.56,4.66
[2H]CC(O)CO,4.83,1.55,5.08
[2H]CC(C)=O,4.1,1.53,4.46
[2H]C(=O)CN,5.12,1.7,3.11
[2H]CCCCCCC,9.3,1.56,6.43
[2H]CCl,3.86,1.5,3.51
[2H]C(=O)CO,4.94,1.38,3.1
[2H]N1CCCC1,3.94,1.35,4.13
[2H]C(=N)NO,4.77,1.7,3.03
[2H]CC(=C)C,5.06,1.56,4.49
[2H]CC(N)CO,5.39,1.55,4.02
[2H]C(OC)OC,4.86,1.68,4.25
[2H]C=NN=CO,6.1,1.7,4.7
[2H]CC(N)CC,6.31,1.54,4.53
[2H]OCC(C)O,5.96,1.23,4.53
[2H]C(=O)OCC,5.74,1.7,4.52
[2H]C1CCNCC1,5.98,1.92,3.48
[2H]C(O)=NCO,3.95,1.7,4.61
[2H]C(C)(C)C,4.07,2.77,3.19
[2H]C(=O)CCC,6.37,1.7,4.46
[2H]C1=NCCN1,5.25,1.84,3.05
[2H]OCC(C)NC,4.02,1.28,5.31
[2H]Cn1ccnc1,4.81,1.53,5.51
[2H]N=C(O)CC,4.62,1.7,4.42
[2H]C(=O)CCl,4.12,1.7,4.53
[2H]CCC(C)=O,4.2,1.54,5.7
[2H]CN1CCCC1,3.62,1.55,5.0
[2H]C(=O)CCO,4.22,1.7,4.43
[2H]CCCCCCCC,4.48,1.56,10.86
[2H]C(O)=NNC,6.27,1.7,3.87
[2H]C1CCCCC1,4.24,1.91,4.95
[2H]CCC(=O)O,4.14,1.54,5.4
[2H]SCCCCCCC,4.05,1.46,11.08
[2H]CC(=O)OC,6.01,1.53,4.45
[2H]N=C(O)OC,4.64,1.7,4.47
[2H]C1C=CCC1,4.41,1.81,4.08
[2H]OCC(=O)O,3.37,1.26,5.06
[2H]C(F)(F)F,3.31,1.98,2.61
[2H]C(C)NCCO,4.11,1.92,5.6
[2H]OCCCCCNC,8.39,1.15,8.07
[2H]OCCCNCCC,3.83,1.64,4.39
[2H]CC(=N)OC,6.12,1.54,4.35
[2H]C1OCCCO1,4.11,1.67,4.76
[2H]OCCCCC=C,8.54,1.15,6.76
[2H]CC=C(C)C,5.48,1.56,5.35
[2H]N1CCOCC1,5.3,1.5,3.34
[2H]C(CC)=NO,4.3,1.77,4.35
[2H]C(=N)OCC,4.14,1.7,4.99
[2H]N1CCCCC1,6.15,1.5,3.41
[2H]CC(O)=NN,5.13,1.52,5.04
[2H]C(=O)CNC,6.18,1.7,3.88
[2H]C(=O)CBr,4.22,1.7,4.79
[2H]N1CCNCC1,4.09,1.35,4.4
[2H]N=c1nn[nH]s1,5.31,1.7,5.16
[2H]C1CNCCN1,4.27,1.69,4.85
[2H]OCCCCCCC,10.29,1.15,7.24
[2H]NCC(=O)O,3.99,0.97,5.38
[2H]c1ccccc1,6.37,1.7,3.15
[2H]OCC(=N)O,3.87,1.28,5.29
[2H]CN(CC)CC,6.09,1.55,4.65
[2H]CCC(=N)O,4.15,1.55,5.41
[2H]C(O)=NCC,4.15,1.47,5.31
[2H]OCOC,4.05,1.28,4.86
[2H]OCCC(C)C,7.01,1.1,5.74
[2H]C(=O)COC,4.07,1.7,4.82
[2H]CN1CCCCC1,6.04,1.55,5.84
[2H]CN1CCOCC1,4.48,1.55,5.54
[2H]N=C(O)OCC,4.62,1.7,6.65
[2H]Cc1ccccc1,5.79,1.56,6.02
[2H]C1CCCCC1C,6.19,1.92,4.49
[2H]CCCCCCCCC,4.48,1.56,12.14
[2H]C(C)(C)CC,4.07,2.78,4.53
[2H]C=CC(=O)O,4.25,1.7,5.3
[2H]C(=O)OCCO,6.09,1.7,3.6
[2H]Oc1ccccn1,5.5,1.35,6.0
[2H]OCCCN(C)C,3.83,1.28,4.39
[2H]OCCCCCCCC,11.24,1.15,7.63
[2H]CCOC(C)=O,4.13,1.54,6.67
[2H]OCc1cscn1,3.83,1.28,6.39
[2H]N=C(O)CCl,4.64,1.7,4.22
[2H]C1=NCCCN1,6.25,2.1,3.39
[2H]C(CCC)=NO,4.5,1.77,5.07
[2H]Oc1ncccn1,5.49,1.35,5.89
[2H]CCC(=O)OC,4.14,1.54,6.68
[2H]OC(F)(F)F,4.48,1.35,3.59
[2H]CCN=C(C)O,4.77,1.54,6.3
[2H]N=C(O)CCC,4.61,1.46,4.84
[2H]C=CC(=N)O,4.27,1.7,5.31
[2H]C(O)C(C)N,4.1,1.74,4.49
[2H]C1=CCNCC1,5.83,2.23,3.14
[2H]C(O)=NCCC,3.97,1.48,4.9
[2H]SC(F)(F)F,4.53,1.64,3.96
[2H]CC(=O)OCC,4.1,1.52,6.7
[2H]C(=O)OCCC,6.67,1.7,5.31
[2H]C=NC(C)CC,4.07,1.7,5.65
[2H]OC1=NCCO1,4.88,1.17,5.18
[2H]c1ccccc1C,6.36,1.71,4.36
[2H]Oc1ccccc1,5.77,1.35,5.91
[2H]CC1CCCNC1,4.21,1.55,6.35
[2H]C(=O)CCCC,7.32,1.7,4.78
[2H]CNCC(=O)O,4.75,1.55,5.73
[2H]C(O)C(C)O,4.81,1.88,4.43
[2H]C(O)=NCCO,5.04,1.47,5.34
[2H]C=CC(C)=O,6.56,1.82,3.7
[2H]CC1CCNCC1,6.23,1.55,5.69
[2H]C(C)N(C)C,4.9,1.92,4.36
[2H]C(=O)OC=C,5.81,1.35,4.63
[2H]Nc1ccccc1,5.92,0.94,5.79
[2H]C(C)=NCCO,4.81,1.92,5.37
[2H]C(C)=NCCC,4.25,1.91,5.72
[2H]CN=c1[nH]ccs1,4.09,1.56,6.88
[2H]CCCCC(=O)O,4.26,1.55,7.95
[2H]C=NN=C(C)O,7.0,1.7,4.7
[2H]C=NNC(=N)S,7.58,1.7,5.24
[2H]N=Cc1cccs1,7.56,1.7,4.83
[2H]S(N)(=O)=O,3.55,1.89,3.16
[2H]C(=O)CCCCl,6.4,1.7,5.15
[2H]CCc1ccccc1,4.28,1.55,7.06
[2H]S(=O)(=O)O,3.59,1.86,3.0
[2H]C(=O)N(C)C,4.95,1.38,4.18
[2H]CCC1CCNCC1,4.59,1.56,7.23
[2H]CNC1CCCCC1,4.28,1.56,7.35
[2H]OCc1ccccc1,3.88,1.28,6.95
[2H]CCC(=O)OCC,4.49,1.54,7.98
[2H]CNc1ccccc1,3.76,1.55,7.18
[2H]C=NNC(=N)O,6.85,1.7,5.25
[2H]C(=O)CCCCC,8.52,1.7,5.83
[2H]CNc1cccnc1,8.06,1.55,5.36
[2H]C=CC(=O)CC,7.59,1.88,3.72
[2H]C=Nc1nccs1,7.74,1.7,4.41
[2H]Nc1cccnc1N,6.1,1.48,5.65
[2H]C=Nn1cnnc1,7.3,1.7,4.34
[2H]N=C(S)NCCC,5.39,1.63,5.9
[2H]S(C)(=O)=O,4.18,1.9,3.39
[2H]CN(CCN)CCN,6.92,1.55,5.53
[2H]C=CC(=O)OC,7.1,1.7,4.52
[2H]CCC1CCCCN1,8.29,1.56,5.19
[2H]OCC(=O)OCC,3.36,1.26,7.62
[2H]C(O)C(=O)O,4.05,1.65,4.2
[2H]C(=O)OCCCC,7.55,1.7,6.3
[2H]C(O)=NCCCC,3.97,1.7,5.22
[2H]CCCCCCCCCC,4.59,1.56,13.42
[2H]Nc1ccccc1C,6.2,1.48,5.82
[2H]CNc1ccccn1,3.85,1.55,7.18
[2H]CSc1ncccn1,3.84,1.51,7.07
[2H]C(O)=NCC=C,3.96,1.7,4.7
[2H]NCc1ccco1,3.99,0.97,6.4
[2H]c1ccccc1OC,6.37,1.77,4.61
[2H]OCCCCN(C)C,3.88,1.99,4.82
[2H]C(C)(CC)CC,4.07,2.81,4.53
[2H]C(C)=NCCCC,4.25,1.91,6.84
[2H]N=C(O)CCCC,4.61,1.59,4.82
[2H]CCC(C)(C)O,4.58,1.55,5.67
[2H]C(O)CNCCCC,4.71,1.68,9.29
[2H]OCCN(CC)CC,3.75,1.27,4.74
[2H]C(N)C(=O)O,4.05,1.8,4.2
[2H]CN(CCO)CCO,6.04,1.55,4.66
[2H]CC(CC)CCCC,4.33,1.56,6.83
[2H]N=Nc1nccs1,3.59,1.7,6.47
[2H]C(C)C(=O)O,4.15,1.9,4.19
[2H]C=C(C#N)C#N,6.47,1.7,5.16
[2H]C=CC(=O)OCC,4.51,1.7,7.82
[2H]C=Nc1ccccn1,4.36,1.7,6.74
[2H]CC(N)C(=O)O,4.14,1.53,4.94
[2H]N=Nc1ccccc1,7.96,1.7,5.14
[2H]S(=O)(=O)NC,4.36,1.9,4.54
[2H]OCCCCCCCCCC,13.38,1.15,9.05
[2H]C=Nc1ccccc1,3.98,1.7,6.89
[2H]CCC(O)=NCCC,5.96,1.54,6.31
[2H]C(=O)CN(C)C,4.16,1.7,5.48
[2H]C=Cc1ccccn1,4.45,1.7,6.93
[2H]CS(=O)(=O)O,4.88,1.5,4.31
[2H]c1ccc(F)cc1,6.95,1.7,3.15
[2H]C(=O)OC(C)C,6.0,1.7,4.64
[2H]CN(C)CCOCCO,4.89,1.55,8.35
[2H]C(CCCCC)=NO,4.65,1.78,7.47
[2H]S(=O)(=O)Cl,3.79,1.85,3.89
[2H]N=C(S)NCC=C,8.6,1.7,4.52
[2H]S(=O)(=O)NN,3.92,1.88,4.37
[2H]c1cccc(C)c1,6.36,1.71,4.39
[2H]C(=O)OCCOCC,9.0,1.7,5.07
[2H]c1ccc(C)cc1,7.32,1.71,3.15
[2H]C(=O)CCCCCC,9.47,1.7,6.18
[2H]C(C)CC(=O)O,4.12,1.91,5.41
[2H]CCN(CCC)CCC,7.61,1.88,5.58
[2H]CC(N)C(=N)O,4.14,1.54,5.35
[2H]OCCOCCOCCOC,3.83,1.34,7.39
[2H]CC(O)C(=O)O,4.81,1.53,4.67
[2H]N=C(O)OCC=C,4.62,1.66,7.45
[2H]C(=O)C(=O)O,4.77,1.36,3.74
[2H]Cc1nn[nH]n1,4.56,1.54,5.17
[2H]C=NNC(S)=NN,7.48,1.69,5.8
[2H]C=NN1CCOCC1,7.5,1.74,4.71
[2H]OC(S)=NCCCC,5.22,1.34,7.69
[2H]C(C)(CC)CCC,5.84,2.78,4.89
[2H]CNc1ncccc1C,7.86,1.62,5.37
[2H]C(=O)OCCCCC,8.48,1.7,7.12
[2H]C(=O)CC(C)O,4.25,1.7,5.7
[2H]C=NNC(=N)SC,8.52,1.7,5.45
[2H]CC(=O)N(C)C,5.98,1.54,4.74
[2H]C(O)=NNCCCC,9.45,1.7,4.94
[2H]C=Cc1ccccc1,8.49,1.7,4.87
[2H]N=C(O)C1CC1,4.62,1.41,4.81
[2H]NS(C)(=O)=O,4.73,0.95,4.13
[2H]C1(C)CCCCC1,4.07,2.76,4.98
[2H]C(=O)CNCCCC,9.24,1.7,5.01
[2H]C=Nn1cnnc1S,5.82,1.7,6.19
[2H]C12CC(C1)C2,5.47,2.71,3.07
[2H]OC(=NC)OC,5.93,1.35,5.22
[2H]CC(C#N)N=CO,6.94,1.53,5.18
[2H]C=NCc1ccco1,3.92,1.53,4.55
[2H]N=Nc1cccnc1,7.85,1.7,4.83
[2H]CCN=C(O)NCC,4.15,1.54,6.05
[2H]N=C(O)NCCCC,4.61,1.7,7.29
[2H]OCCN1CCCCC1,3.74,1.26,4.75
[2H]C1CC(C)=NN1,6.22,1.89,4.38
[2H]C1=NCC(C)N1,5.99,1.83,4.01
[2H]CCCSCC(O)CO,4.15,1.55,7.73
[2H]OC(C)C(=O)O,4.36,1.25,5.03
[2H]CNCc1ccccc1,4.88,1.55,8.3
[2H]C(N)C(=O)OC,4.05,1.8,5.4
[2H]N=Cc1ccccc1,8.1,1.7,5.19
[2H]CC(C)C(=O)O,5.09,1.54,4.68
[2H]C=NN=C(O)OC,8.15,1.7,4.73
[2H]C(=O)N(CC)CC,6.13,1.8,5.22
[2H]C(O)C(F)(F)F,4.63,1.66,3.71
[2H]C=NNc1ccccc1,6.42,1.7,7.89
[2H]C(=O)OCC(C)C,6.74,1.7,5.86
[2H]C(O)C(=O)OCC,4.06,1.65,6.73
[2H]C(=O)OCCCCCC,9.36,1.7,8.1
[2H]C(=O)CCN(C)C,7.28,1.7,5.6
[2H]N=C(O)C(=C)C,4.61,1.7,5.6
[2H]c1ccc(OC)cc1,8.47,1.78,3.16
[2H]C1CCC(=O)CC1,6.32,1.92,3.56
[2H]C=NCc1cccnc1,3.93,1.56,4.64
[2H]CCCCCCCCCCCC,4.7,1.56,15.99
[2H]CC(N)C(O)=NO,6.92,1.54,4.34
[2H]Oc1ccc(F)cc1,5.79,1.35,6.48
[2H]C=Nc1ccccc1S,5.38,1.43,6.92
[2H]c1ccc(CC)cc1,8.48,1.71,3.2
[2H]C=C(C)C(=O)O,5.19,1.7,4.88
[2H]CC(NC)C(=O)O,6.2,1.54,4.6
[2H]C=C(S)C(=O)O,6.18,1.7,4.44
[2H]C(=O)C=CNCCC,4.19,1.39,7.63
[2H]C(=O)CCCCCCC,10.67,1.7,7.21
[2H]CC(N)CC(=O)O,4.49,1.55,5.8
[2H]Nc1ccc(C)cc1,5.88,0.94,7.01
[2H]C=Nc1ccccc1F,8.37,1.7,4.55
[2H]C(N)C(F)(F)F,4.65,1.66,3.73
[2H]CC=Cc1ccccc1,5.56,1.56,8.67
[2H]N=C(O)C(C)Cl,4.63,1.57,5.46
[2H]C(=O)CC(C)=O,4.21,1.7,5.53
[2H]C(C)c1ccccc1,5.64,1.92,6.09
[2H]C=NOCc1ccco1,5.71,1.7,7.46
[2H]CN1CCN(C)CC1,4.72,1.55,7.15
[2H]C=NNC(S)=NCC,7.17,1.58,6.76
[2H]CC(=O)C(=O)O,5.91,1.54,4.19
[2H]C=Nc1ccccc1C,5.02,1.46,6.88
[2H]CNc1ccccc1Br,8.07,1.55,6.38
[2H]C=Nc1ncccc1C,5.28,1.57,6.71
[2H]CC(N)C(=O)OC,5.01,1.54,5.77
[2H]C(C)(C)CCCCC,4.07,2.78,8.34
[2H]C(=O)c1cnoc1,5.45,1.38,4.87
[2H]OC(C)C(=O)OC,4.35,1.25,6.44
[2H]C(O)=NC(=N)N,3.96,1.7,5.06
[2H]Cc1c(C)noc1C,6.54,1.56,4.96
[2H]C(=O)N1CCCC1,5.49,1.7,5.55
[2H]CC(=S)C(=O)O,6.03,1.55,4.45
[2H]C=Nn1cnsc1=N,4.57,1.7,6.28
[2H]C(=O)OCC(C)O,7.07,1.7,4.34
[2H]CC(N)C(O)=NN,7.09,1.54,4.34
[2H]S(=O)(=O)CCl,4.15,1.88,4.74
[2H]OCCCN1CCCCC1,3.82,1.83,4.39
[2H]C(CC)C(C)CNC,7.13,2.33,4.5
[2H]c1cccc(OC)c1,6.36,1.75,5.38
[2H]CN(C)CC(=O)O,3.59,1.55,5.56
[2H]CC(CC)C(=O)O,6.29,1.54,4.59
[2H]C=NCc1ccccc1,3.93,1.7,4.58
[2H]C(=O)c1ccccc1,6.17,1.39,5.88
[2H]CN=c1cc(C)cc[nH]1,8.15,1.58,6.28
[2H]C(=O)N1CCOCC1,5.84,1.38,5.48
[2H]NC(=O)c1cccs1,4.62,0.9,6.79
[2H]C1N=C(O)N=C1O,4.77,1.82,4.26
[2H]C(CC)NN=C(C)O,4.12,2.05,6.38
[2H]C(O)=NC1CCCC1,4.16,1.7,5.54
[2H]C=Nc1ccccc1Cl,3.91,1.57,6.95
[2H]NC(=O)c1ccco1,4.7,1.42,6.56
[2H]C(C)=NNC(=N)S,5.12,1.79,6.75
[2H]C(=O)CCCCCCCC,11.62,1.7,7.58
[2H]C(O)=NCC(=O)O,3.97,1.47,5.42
[2H]CCCCCCCCCCCCC,4.69,1.56,17.27
[2H]CNc1cccc(C)c1,8.08,1.55,6.52
[2H]C(=S)N1CCOCC1,5.77,1.81,5.45
[2H]N=Nc1ccccc1OC,8.0,1.7,6.06
[2H]OC1=NC(=S)SC1,5.07,1.2,6.64
[2H]C(O)=Nc1nccs1,4.41,1.46,6.78
[2H]C(C)(C)CCCCCC,4.07,2.78,9.64
[2H]OCCCCCCCCCCCC,15.52,1.15,10.47
[2H]C(=O)CCC(=O)O,6.79,1.7,3.96
[2H]C(=O)CC(=O)OC,4.18,1.7,6.52
[2H]CN(C)CC(OC)OC,4.94,1.55,6.68
[2H]C(=O)C=CN(C)C,4.62,1.39,6.65
[2H]CNc1ccc(F)cc1,3.75,1.55,7.76
[2H]CNc1ccc(C)cc1,9.18,1.55,5.42
[2H]CNc1cccc(C)n1,4.43,1.55,7.91
[2H]C(=O)N1CCCCC1,5.92,1.38,5.77
[2H]C(=O)OCCCCCCC,10.3,1.7,8.94
[2H]c1nc2ccccc2s1,8.23,1.7,3.75
[2H]OC(C)=NCC=C,4.73,1.35,6.97
[2H]CC1CC2CCN1CC2,4.69,1.55,6.3
[2H]C1CCCN(CCC)C1,4.26,1.89,6.85
[2H]SCCCCN1CCOCC1,7.99,1.45,8.72
[2H]OCC(O)CNC(C)C,3.82,1.28,9.04
[2H]N=C(O)CC(=O)O,4.62,1.7,5.08
[2H]C(C)CCC=C(C)C,5.41,1.92,7.97
[2H]OC1=NC(O)=NC1,4.87,1.22,6.21
[2H]C(=S)SCC(=O)O,4.08,1.78,5.43
[2H]Oc1ccc(Cl)cc1,5.79,1.35,7.31
[2H]C=Nc1ccccc1OC,4.42,1.7,7.11
[2H]Oc1ccc(Br)cc1,5.79,1.35,7.6
[2H]C=C(CC)C(=O)O,6.18,1.7,5.42
[2H]C=NCCc1ccccc1,4.04,1.57,9.18
[2H]C(O)=NCCN(C)C,4.19,1.7,7.55
[2H]CC(OCC)C(=O)O,5.98,1.53,6.67
[2H]Nc1c(C)cccc1C,6.08,1.38,5.78
[2H]CCCS(=O)(=O)O,7.23,1.55,5.36
[2H]C(C)C(CC)CCCC,4.23,1.94,6.74
[2H]C(C)(CCC)CCCC,6.8,2.84,5.78
[2H]N=Nc1cccnc1Cl,7.9,1.7,5.88
[2H]c1ccc(C#N)cc1,8.58,1.7,3.15
[2H]C1CN2CCSC2=N1,5.27,1.62,5.85
[2H]C(O)=NN=CC=CC,9.44,1.7,4.96
[2H]C(=S)N1CCCCC1,5.85,1.8,5.8
[2H]C(=O)CC(=O)CC,4.21,1.7,6.73
[2H]C=Nc1cc(C)on1,3.9,1.7,7.47
[2H]C1CC1C(F)(F)F,5.54,1.54,4.15
[2H]c1cc(F)ccc1OC,6.36,1.75,5.34
[2H]n1nnc2ccccc21,6.7,1.7,5.24
[2H]N=Nc1ccccc1Cl,7.99,1.7,5.89
[2H]C1CC(O)CCC1C,4.25,1.91,5.09
[2H]C=NN=C(O)CC#N,4.84,1.7,8.17
[2H]C(C)(CC)CCCCC,7.67,2.78,6.66
[2H]OCc1ccc(O)cc1,3.88,1.28,7.53
[2H]OCCOC(=O)C=C,3.84,1.35,5.04
[2H]C(=O)OCCOCCCC,11.31,1.7,6.16
[2H]C(=O)OCCC=CCC,6.19,1.7,8.82
[2H]C(O)=NC(=N)NC,3.95,1.7,5.81
[2H]C1CCc2ccccc21,5.79,1.92,5.73
[2H]CC(N)C(=O)OCC,8.12,1.54,4.83
[2H]C(CO)c1ccccc1,5.79,1.92,6.05
[2H]C(=O)OCCC(C)C,8.39,1.7,5.46
[2H]OC(=O)c1ccccc1,8.03,1.4,5.08
[2H]C=Nc1ccc(C)cc1,9.35,1.7,4.21
[2H]C=Nc1ccc(F)cc1,4.07,1.44,7.47
[2H]N=Nc1ccc(C)cc1,8.9,1.7,5.14
[2H]CNc1ccc(SC)cc1,10.15,1.55,5.61
[2H]C=Nn1c(C)nnc1C,5.55,1.7,6.2
[2H]C(O)S(=O)(=O)O,5.05,1.61,4.04
[2H]N=C(O)CCCCCCCC,4.61,1.65,7.98
[2H]N=C(O)c1ccccc1,4.6,1.7,6.89
[2H]C(O)=Nc1ccccc1,4.05,1.7,6.95
[2H]C(O)CNC(C)(C)C,7.34,1.67,5.66
[2H]CNc1ccc(Br)cc1,3.79,1.55,8.93
[2H]N=C(N)O,4.62,1.7,4.21
[2H]C(O)=NCCC(=O)O,4.22,1.7,7.52
[2H]N=CC=Cc1ccccc1,9.89,1.7,7.05
[2H]C(=O)CCCC(=O)O,6.42,1.7,5.67
[2H]C#Cc1ccc(F)cc1,9.58,1.7,3.15
[2H]N=Nc1ccccc1OCC,8.0,1.7,7.04
[2H]N=C(O)C(F)(F)F,4.66,1.66,4.74
[2H]C1(C)CCCC1(C)C,5.05,2.64,4.53
[2H]C=C(C#N)C(=N)O,6.46,1.7,5.34
[2H]CCC(O)=NCCCOCC,4.13,2.18,5.25
[2H]C(=O)Cc1ccccc1,4.23,1.38,7.0
[2H]CNc1cccc(Cl)c1,4.29,1.55,7.21
[2H]C=NNC1=NCCCCC1,8.94,1.86,3.99
[2H]CNc1ccc(OC)cc1,9.95,1.55,5.63
[2H]CNc1ccc(Cl)cc1,3.79,1.55,8.63
[2H]N=C(O)C1CCCCC1,4.61,1.42,6.65
[2H]c1cccc2ccccc12,6.38,1.7,5.63
[2H]C(CCC(=O)O)=NO,4.3,1.76,5.55
[2H]CNc1ccc(CC)cc1,4.34,1.55,9.37
[2H]C1(C)CCC2CC21C,5.08,2.65,4.55
[2H]C(=NO)c1ccccc1,6.29,1.7,5.78
[2H]C(=O)Oc1ccccc1,7.74,1.7,5.79
[2H]CC1SC(=O)N=C1O,6.11,1.53,5.74
[2H]N(C)S(C)(=O)=O,4.95,1.67,4.0
[2H]N=C(O)NCC(=O)O,4.63,1.7,5.07
[2H]CNc1ccc(F)cc1C,4.83,1.55,7.75
[2H]C=Nc1cccc(F)c1,3.98,1.45,6.89
[2H]CC1N=C(O)N=C1O,6.23,1.53,5.71
[2H]C(O)=NC(=N)NCC,5.06,1.8,6.67
[2H]CC(C)(N)C(=O)O,6.12,1.54,4.48
[2H]OCc1ccc(OC)cc1,3.88,1.28,8.78
[2H]C=Nc1ccccc1OCC,4.39,1.7,7.1
[2H]C=NNc1nc(C)cs1,5.86,1.7,8.73
[2H]C=Nc1cccc(C)c1,3.97,1.64,6.87
[2H]C(O)=Nc1cccnc1,4.0,1.7,6.81
[2H]C(S)=Nc1ccccc1,4.45,1.93,6.91
[2H]C=NNC(=N)SCC=C,5.29,1.66,10.39
[2H]N1CC(O)=NC(CO)C1,4.27,1.35,6.26
[2H]Nc1ccc(N=N)cc1,6.77,0.93,7.14
[2H]N=C(O)C(C)(C)C,4.6,1.58,5.48
[2H]C=C(OC)C(=O)OC,6.32,1.8,6.57
[2H]C(O)=NNC(O)=NC,6.4,1.47,6.21
[2H]C=Nc1nnc(CC)s1,4.02,1.7,9.0
[2H]OC1=NC(=O)CCC1,5.65,1.24,5.93
[2H]C1OCC(C)(C)CO1,5.06,1.67,5.82
[2H]C(=O)c1ccccc1F,6.24,1.39,5.84
[2H]c1ccc2ccccc2c1,8.51,1.7,4.36
[2H]CCc1ccc(Cl)cc1,9.92,1.55,3.64
[2H]CN1CCN(CCN)CC1,7.13,1.55,7.31
[2H]NC(=O)C(=O)OCC,8.38,1.5,5.03
[2H]C=NC(CO)(CO)CO,5.2,1.63,5.37
[2H]C(C)(C)CCCCCCC,4.07,2.78,10.9
[2H]N=C(O)C(C)C,4.61,1.57,5.46
[2H]C=Nc1cccc(C)n1,4.36,1.59,6.73
[2H]C=Nc1cc(C)ccn1,8.33,1.7,5.57
[2H]CNc1cccc(OC)c1,4.31,1.55,7.73
[2H]CNc1cccc(Br)c1,3.81,1.55,7.24
[2H]CNc1cc(F)ccc1C,4.83,1.55,7.18
[2H]CCc1cccc(OC)c1,4.33,1.55,8.33
[2H]N=C(O)CCC(=O)O,4.61,1.61,5.6
[2H]NN=Cc1ccccc1Cl,7.58,1.43,7.4
[2H]N=Cc1ccc(F)cc1,8.69,1.7,5.17
[2H]OC1=NC(=O)C=C1,5.14,1.35,5.92
[2H]N1CCC(C(=N)O)CC1,7.19,1.5,5.23
[2H]C(C)=NC1CCCCC1,5.65,2.38,6.36
[2H]C(=O)C=CNCCCCC,4.19,1.7,8.94
[2H]CC1COC(C)(C)O1,5.08,1.54,6.43
[2H]C(O)=NC1CCCCC1,4.79,1.48,6.07
[2H]C(=O)CN1CCCCC1,4.15,1.7,6.92
[2H]N1CC(C)OC(C)C1,6.17,1.5,4.44
[2H]CC(O)=NCC(=O)O,7.51,1.65,4.18
[2H]OCC(=O)c1cccs1,3.87,1.26,7.98
[2H]N=C(O)c1cnccn1,4.62,1.7,6.52
[2H]C1CCCc2ccccc21,5.95,1.94,6.11
[2H]C=C(C#N)C(=O)O,6.47,1.7,4.9
[2H]C=C(C#N)C(=N)S,6.44,1.7,5.73
[2H]C(O)=Nc1ccccn1,4.6,1.47,6.82
[2H]N=Cc1ccc(C)cc1,9.04,1.7,5.19
[2H]C(=O)OC(C)(C)C,6.05,1.89,4.65
[2H]C(=O)OCCOCCOCC,12.15,1.7,7.3
[2H]C(=O)CCCCCCCCC,12.82,1.7,8.6
[2H]CC(N=CO)C(=O)O,7.0,1.53,4.84
[2H]C(O)=NNC(S)=NC,6.14,1.7,6.72
[2H]C1CCCCN(C)C1=O,6.51,2.03,4.78
[2H]C=NCCCN1CCOCC1,3.93,1.7,6.59
[2H]C(=O)C=CC(=O)O,4.57,1.38,6.62
[2H]C(=O)OC1CCCCC1,7.76,1.7,5.33
[2H]C(=O)C=CN(CC)CC,5.71,1.7,7.27
[2H]N=C(O)NC(C)(C)C,4.62,1.38,5.85
[2H]C=Nn1c(S)nnc1CC,7.31,1.62,6.19
[2H]N=c1nc(C)cc(C)[nH]1,6.8,1.7,6.43
[2H]C=Nc1ccc(Cl)cn1,4.37,1.7,8.12
[2H]C(CCCCCCCCC)=NO,4.97,1.78,12.47
[2H]C(=O)C=Cc1ccco1,5.33,1.39,8.1
[2H]C(O)=NCc1ccccc1,3.97,1.86,4.72
[2H]N=C(O)CCCC(=O)O,4.62,1.49,5.22
[2H]N=C(S)SCCC(=O)O,6.79,1.97,5.35
[2H]C=C1SC(=S)N=C1O,6.31,1.7,6.7
[2H]C=C1SC(=O)N=C1O,5.85,1.7,5.41
[2H]CNc1ccc(OCC)cc1,4.35,1.55,10.63
[2H]C(N)c1ccc(C)cc1,5.68,1.83,7.23
[2H]N=Nc1cccc(F)c1C,7.98,1.7,5.67
[2H]C(C)=NCc1ccccc1,4.25,2.38,4.49
[2H]C(C)=NNc1ccccc1,6.2,1.84,8.0
[2H]CCC(=O)c1ccccc1,8.38,1.55,7.25
[2H]N=C(O)Nc1ccccc1,4.61,1.7,6.05
[2H]C=Nc1cccc(Br)c1,8.59,1.7,4.17
[2H]N=C(O)OC(C)(C)C,7.39,1.85,4.08
[2H]N=C(O)COCC(=O)O,4.62,1.68,6.84
[2H]N=c1[nH]cnc2ccccc12,6.02,1.7,6.99
[2H]N=C(O)NC1CCCCC1,4.61,1.62,7.32
[2H]C=Nc1ccc(CC)cc1,4.02,1.44,9.3
[2H]C=CC(=O)c1cccs1,8.28,1.7,6.84
[2H]CCCCCCCCCCCCCCC,17.71,1.56,12.32
[2H]N=C(O)c1ccccc1F,4.59,1.7,6.98
[2H]N=C(S)Nc1ccccc1,5.37,1.7,5.7
[2H]C(O)=Nc1ccccc1C,5.11,1.83,6.94
[2H]N=Nc1ccc(Br)cc1,9.7,1.67,5.12
[2H]Nc1cccc2ccccc12,5.65,0.94,7.0
[2H]C=Nc1cccc(SC)c1,5.38,1.45,7.92
[2H]N=C(O)C(C)(C)Br,4.62,1.58,5.48
[2H]N=C(O)CCCCCCCCC,4.61,1.54,9.19
[2H]C=C1N=C(S)N=C1O,7.0,1.7,5.15
[2H]OC(=NC(C)C)OC,5.93,1.35,6.55
[2H]Nc1ccc(N)c(C)c1,6.92,0.95,6.89
[2H]Nc1c(Cl)cccc1Cl,6.06,1.46,5.74
[2H]CC(C)(N)C(=O)OC,7.01,1.54,4.47
[2H]C=Nc1cccc(C)c1C,4.99,1.61,7.82
[2H]N=Nc1ccc(OC)cc1,10.16,1.7,5.15
[2H]C(=O)C=Cc1cccs1,5.06,1.39,8.36
[2H]C=Nc1ccc(OC)cc1,4.19,1.7,9.12
[2H]C(O)=NCc1cccnc1,3.97,1.83,4.78
[2H]NS(=O)(=O)N(C)C,4.85,1.36,5.55
[2H]CN=C(O)CCCCCCCC,4.09,1.56,9.87
[2H]C=Nc1cccc(Cl)c1,3.96,1.7,6.89
[2H]C=Nc1cc(C)ccc1C,8.4,1.7,5.29
[2H]C(=O)c1ccccc1Br,6.32,1.38,5.76
[2H]C(C)(C)CCCC(C)C,4.11,2.78,8.35
[2H]C1CC(O)CCC1CCCO,4.25,1.96,7.27
[2H]C=Nc1ccc(Cl)cc1,4.0,1.45,8.3
[2H]N=Cc1ccc(OC)cc1,10.31,1.7,5.2
[2H]C=Nc1cccc(OC)c1,8.39,1.62,6.35
[2H]C(=O)c1ccccc1Cl,6.33,1.39,5.75
[2H]NN=Cc1ccc(F)cc1,5.73,0.94,8.82
[2H]C(O)=NN=C1CCCC1,8.21,1.7,6.15
[2H]C=C1SC(=N)N=C1O,6.3,1.7,6.34
[2H]C1NC(C(=O)O)CS1,4.89,1.8,5.38
[2H]Cc1c(C)nn(C)c1C,5.96,1.57,6.19
[2H]OCc1nc2ccccc2s1,3.61,1.27,7.37
[2H]Oc1ccc(Cl)cc1Cl,5.78,1.35,7.32
[2H]C(=O)CCc1ccccc1,7.03,1.76,7.36
[2H]C(C)(CC)CCC(C)C,4.97,2.77,7.04
[2H]C(C)(CC)CC(C)CC,4.3,2.81,5.78
[2H]C=C1N=C(S)SC1=O,5.92,1.7,6.77
[2H]C(C)(C)c1ccccc1,5.76,2.77,6.2
[2H]N=Cc1ccc(Cl)cc1,9.56,1.69,5.16
[2H]C(O)=NCCN(CC)CC,4.3,1.47,6.11
[2H]C(=O)OCc1ccccc1,5.93,1.73,7.72
[2H]OC(=O)CCCCCCCCC,12.77,1.17,9.89
[2H]NC(C)=CC(=O)OCC,9.48,1.5,4.31
[2H]CNc1cc(Cl)ccc1C,5.33,1.55,7.19
[2H]CC(N)(CO)C(=O)O,4.99,1.53,5.25
[2H]C(O)=NCc1ccccn1,4.41,1.47,7.58
[2H]C(O)C(Cl)(Cl)Cl,5.57,1.7,4.55
[2H]CCCSCC(C)C(=O)O,4.15,1.55,9.74
[2H]CC(C)(NN)C(=O)O,5.97,1.54,4.82
[2H]C(=O)OCCOC(C)=O,6.14,1.7,7.31
[2H]C(O)=NCC(=O)OCC,4.22,1.47,8.02
[2H]N=C(O)c1ccccc1C,4.59,1.43,6.97
[2H]Oc1ncc(Cl)cc1Cl,6.13,1.8,7.43
[2H]CNc1cc(C)ccc1OC,6.07,1.55,7.2
[2H]OCC(O)=NNC(=N)S,4.26,1.28,6.79
[2H]N=C(O)C=CC(=O)O,4.62,1.7,7.74
[2H]C=C(C#N)C(=O)OC,7.18,1.7,5.16
[2H]C=Nc1ccc(SC)cc1,10.48,1.7,4.82
[2H]C(=O)C=CNCCCCCC,4.19,1.7,9.98
[2H]CCC(=O)C=CCCCCC,9.35,1.54,10.61
[2H]C(O)=NCN1CCOCC1,3.96,1.47,5.55
[2H]OCCCCCCCCCCCCCC,17.76,1.15,10.55
[2H]C(O)=NCCN,4.17,1.47,5.47
[2H]C=Nc1ccc(Br)cc1,3.99,1.45,8.59
[2H]C(C)=C(S)C(=O)O,5.54,1.7,5.28
[2H]CC(N)C(=O)OCC=C,7.9,1.54,5.75
[2H]C(CC)C(C)CN(C)C,5.22,2.99,5.97
[2H]C(C)=NCc1cccnc1,4.24,2.36,4.54
[2H]C(O)=NNC(S)=NCC,7.16,1.7,6.72
[2H]CCc1ccc(C#N)cc1,4.29,1.55,9.17
[2H]CC(=O)OCc1ccccc1,10.3,1.53,4.83
[2H]C=NNC(=O)c1ccco1,4.82,1.7,8.74
[2H]C(=O)Cc1ccccc1Cl,4.23,1.7,6.99
[2H]CNc1ccc(C)c(F)c1,3.77,1.55,8.28
[2H]C=NN=C1N=C(O)CS1,7.63,1.7,6.92
[2H]C(=O)OCC(CC)CCCC,5.95,1.95,8.25
[2H]CNc1ccc(F)c(F)c1,8.69,1.55,5.42
[2H]C=CC(=O)c1ccccc1,6.27,1.7,8.18
[2H]C(=O)N1CCN(C)CC1,5.86,1.38,6.91
[2H]C=Nc1cc(C)ccc1OC,5.04,1.7,7.8
[2H]CNc1ccc(C)c(C)c1,4.98,1.55,8.23
[2H]N=C(O)COc1ccccc1,4.63,1.7,7.54
[2H]C(C)(C)CC(C)(C)C,4.06,2.78,5.81
[2H]Cc1ccc(Cl)cc1Cl,6.36,1.56,7.5
[2H]C(CC(=O)O)C(=O)O,5.99,1.92,4.17
[2H]C=CC(=O)c1ccncc1,6.24,1.7,8.09
[2H]C(O)=NN=Cc1cccs1,9.98,1.7,4.85
[2H]C(O)COc1ccccc1OC,5.84,1.68,7.29
[2H]C=Nc1ccc(C)cc1Br,9.34,1.68,5.64
[2H]C(=O)C=Cc1ccccc1,5.54,1.39,8.61
[2H]C=Nc1ccc(OCC)cc1,11.46,1.52,4.42
[2H]C=CC(=O)c1cccnc1,8.32,1.7,6.77
[2H]N=C(O)OCc1ccccc1,4.63,1.39,6.05
[2H]C(O)=NN=C1CCCCC1,8.54,1.7,6.28
[2H]NC(=O)c1ccc(C)o1,4.69,1.42,6.56
[2H]CC(=N)NCc1ccccc1,4.5,1.55,9.0
[2H]C=Nc1cccc(Cl)c1C,4.94,1.7,7.97
[2H]C=NC1=NN=C(O)CS1,3.95,1.7,7.18
[2H]C=NNC(=O)c1cccs1,10.1,1.7,4.29
[2H]CCN=C(O)C(F)(F)F,6.96,1.54,5.33
[2H]C(=O)OCCc1ccccc1,10.28,1.7,5.56
[2H]C=C(C#N)c1ccccn1,6.45,1.7,6.84
[2H]C(O)=NCCc1ccccc1,3.97,1.47,6.28
[2H]C(O)=NNC(O)=NCCC,8.22,1.7,6.21
[2H]N=Nc1cccc(Cl)c1C,7.98,1.7,6.46
[2H]C=Nc1cc(Cl)ccc1C,5.01,1.58,6.88
[2H]C(O)=NN=Cc1ccco1,9.84,1.7,4.8
[2H]N1CCN(C(C)=O)CC1,7.39,1.5,4.62
[2H]C=Cc1cc(C)[nH]n1,8.61,1.7,4.92
[2H]C1=NN(C)C(=O)CC1,6.84,2.13,4.3
[2H]N=C(O)c1ccccc1Cl,4.6,1.69,7.03
[2H]OCC(=O)N1CCCCCC1,3.83,1.34,7.93
[2H]C(=O)CCCCCCCCCCC,4.23,1.7,15.05
[2H]C(=O)C=Cc1cccnc1,5.48,1.38,8.59
[2H]C(=O)C=Cc1ccccn1,8.34,1.39,7.15
[2H]OCC(O)=Nc1ccccc1,7.87,1.31,6.45
[2H]CN=c1cc(C)o[nH]1,8.23,1.56,5.4
[2H]C(O)=Nc1ccccc1Cl,3.95,1.77,7.02
[2H]N=C1C=CC(=O)C=C1,5.96,1.7,6.33
[2H]C(=O)CC(N)C(=O)O,6.76,1.7,4.3
[2H]C(=O)c1ccc(F)cc1,6.18,1.39,6.44
[2H]C(O)=NC(=N)NCCCC,3.95,1.7,6.5
[2H]N=C(O)c1cccnc1Cl,4.61,1.69,6.94
[2H]C(O)=Nc1ccccc1CC,5.02,1.83,6.94
[2H]C(O)=Nc1ccccc1OC,4.78,1.47,7.18
[2H]C(C)=NCCCCCCCCCC,4.32,1.91,14.01
[2H]Cc1sc(=N)[nH]c1C,5.52,1.56,6.82
[2H]C(NCCCO)c1ccccc1,5.0,2.06,6.43
[2H]C=C(C#N)C(=O)OCC,6.44,1.7,7.87
[2H]C=CC(=O)c1ccccn1,6.41,1.7,8.09
[2H]N=C(O)NCC(=O)OCC,4.62,1.7,6.13
[2H]N=C(O)CCCCC(=O)O,4.61,1.49,5.33
[2H]C=Nc1nc2ccccc2s1,4.18,1.7,8.69
[2H]Nc1ccccc1CC(=O)O,5.68,0.94,5.8
[2H]CCCSCCC(N)C(=O)O,7.03,1.55,9.19
[2H]C=Nc1ccc(C#N)cc1,3.91,1.47,8.97
[2H]CNc1ncc(Cl)cc1Cl,5.3,1.53,8.42
[2H]C1=CC(=O)C=CC1=O,6.43,1.7,3.72
[2H]CCCCCCCC=CCCCCCC,4.37,1.56,16.75
[2H]C1(CC)CCCCN(C)C1,5.96,3.08,4.89
[2H]C=Nc1ccc(OC)cc1C,10.5,1.58,5.35
[2H]C(=O)c1ccc(C)cc1,6.17,1.39,7.08
[2H]C=Nc1ccc(Cl)cc1C,9.85,1.7,5.3
[2H]NC(CC(C)C)C(=N)O,5.82,1.5,6.97
[2H]NC(=O)c1cc(C)no1,8.84,1.67,4.14
[2H]N=C(O)c1ccccc1Br,4.6,1.7,7.05
[2H]N=C(O)C(Cl)(Cl)Cl,4.65,1.7,5.55
[2H]C(O)=Nn1c(C)ccc1C,5.02,1.98,6.47
[2H]C=NN=C(O)c1cnccn1,4.84,1.7,9.17
[2H]C=NN=C(O)c1snnc1C,5.19,1.7,8.6
[2H]C(=O)CCCCCCCCCCCC,15.92,1.7,10.38
[2H]C=Nc1ccc(Cl)cc1Cl,3.91,1.57,8.37
[2H]C(=O)Cc1ccc(F)cc1,4.23,1.38,7.59
[2H]CC(C)C1CC=C(C)CC1,9.44,1.56,4.47
[2H]C(=O)c1ccc(Cl)cc1,6.19,1.39,7.27
[2H]C=Nc1cccc2ccccc12,5.44,1.46,7.96
[2H]C=NNc1nc2ccccc2o1,3.92,1.7,7.31
[2H]C=NNc1nc2ccccc2s1,7.11,1.7,9.94
[2H]C=NN=C(O)c1cccnc1,4.86,1.7,9.09
[2H]N=Cc1c(Cl)cccc1Cl,4.83,1.69,6.97
[2H]NC(=O)c1ccc(C)cc1,9.25,1.57,4.76
[2H]OCCCCCCCCCCCCCCCC,4.02,1.28,20.13
[2H]C=Nc1cc(Cl)ccc1Cl,3.91,1.7,7.82
[2H]C=NN=C(O)c1ccoc1C,4.9,1.7,8.96
[2H]CNc1ccc(C(C)C)cc1,10.32,1.55,5.42
[2H]CNc1ccc(F)c(F)c1F,8.64,1.55,6.08
[2H]CNc1ccc(F)c(Cl)c1,3.79,1.55,7.77
[2H]C(O)=NCCOc1ccccc1,3.95,1.47,9.25
[2H]OC1=NCC(C(=O)O)C1,6.02,1.35,6.67
[2H]C=NN=C(O)c1ccccc1,10.32,1.7,5.88
[2H]C=NN=C(O)Cc1cccs1,4.85,1.67,9.44
[2H]OC(=O)CCCCCCCCC=C,14.06,1.17,10.17
[2H]CC(NC(=N)O)C(=O)O,4.74,1.53,6.49
[2H]C=NNC(=O)c1ccncc1,3.93,1.7,8.65
[2H]CCC(=O)CC(O)CCCCC,5.32,1.54,13.25
[2H]CNc1ccc(C)c(Cl)c1,4.3,1.55,8.26
[2H]CNc1ccc(Br)c(C)c1,3.89,1.55,8.92
[2H]S(=O)(=O)N1CCOCC1,5.93,1.92,4.56
[2H]C=NN=C(O)CCCCCCCC,9.12,1.7,11.17
[2H]C=Nc1cccc(Cl)c1Cl,8.46,1.7,4.39
[2H]C1=CCN(C(=N)O)CC1,8.2,2.18,3.14
[2H]N=C(O)CCCCCCCCCCC,4.61,1.54,10.89
[2H]N=C(O)C=Cc1ccccc1,4.6,1.7,9.49
[2H]C=Nc1cccc2cccnc12,4.03,1.7,7.03
[2H]NC=C(C#N)C(=O)OCC,5.03,1.42,9.05
[2H]C(O)=NN=Cc1sccc1C,9.89,1.84,4.96
[2H]OC(S)=Nc1ccccc1CC,5.27,1.29,6.21
[2H]Oc1ccc(C(=O)O)cc1,6.06,1.35,7.62
[2H]C=Nc1ccc(C)c(C)c1,4.02,1.7,7.99
[2H]CC1N=C(S)N(C)C1=O,7.1,1.53,6.31
[2H]OCC(O)CN=C(O)OC,3.84,1.28,9.51
[2H]CC(N=C(C)O)C(=O)O,4.16,1.54,5.63
[2H]C(O)=NN=Cc1ccccc1,10.56,1.7,5.22
[2H]C(=O)Oc1ccc(C)cc1,8.93,1.6,5.77
[2H]CC1C(=O)C2CCN1CC2,6.21,1.54,5.79
[2H]C(=O)OCCCc1ccccc1,8.5,1.64,7.72
[2H]C(O)=NN=Cc1ccccn1,10.49,1.7,5.23
[2H]C=NN=C(O)c1ccccn1,4.85,1.7,9.16
[2H]CNC(C(=O)OC)C(C)C,7.92,1.55,6.01
[2H]OCCOCCOc1ccccc1OC,3.82,1.29,6.13
[2H]C=Nc1ccc(CCCC)cc1,12.45,1.7,6.02
[2H]C(CCCCCCCCCCC)=NO,5.15,1.78,15.01
[2H]C=C(C(C)=O)C(C)=O,6.66,1.7,4.85
[2H]N=C(O)c1ccccc1CCl,4.61,1.68,6.98
[2H]C=NN=C(O)C1CCCCC1,10.33,1.7,5.42
[2H]C=Nc1ccc2ccccc2c1,10.56,1.7,4.17
[2H]CC(N=C(C)O)C(=N)O,6.94,1.53,5.17
[2H]CN=C(O)CCCc1cccs1,6.96,1.56,9.2
[2H]C1(CC)N=C(O)N=C1O,4.6,2.95,4.48
[2H]C1N(C)c2ccccc2N1C,7.15,2.06,4.31
[2H]N=C(O)C1(C)CCCCC1,4.6,1.55,5.99
[2H]N=Cc1ccc(Cl)cc1Cl,9.62,1.69,5.99
[2H]C1(O)CCCCC1CN(C)C,4.84,2.31,5.99
[2H]C(O)C(C)NC1CCCCC1,5.05,1.68,7.23
[2H]COC(=O)CCCCCC(C)C,11.43,1.51,10.24
[2H]Cc1ccc(Cl)c(Cl)c1,5.97,1.56,7.43
[2H]N=Nc1ccccc1C(=O)O,7.95,1.67,6.54
[2H]C(N=C(C)O)N=C(C)O,6.19,1.64,4.92
[2H]C=Cc1ccc2ccccc2n1,10.62,1.7,4.57
[2H]C=Nc1ccccc1C(=O)O,4.36,1.7,6.93
[2H]OS(C)(=O)=O,4.87,1.35,3.79
[2H]C(O)=Nc1ccc(C)cn1,4.6,1.47,7.87
[2H]C(=O)OCCOc1ccccc1,10.34,1.7,6.88
[2H]C=Nc1cnc2ccccc2c1,3.94,1.7,8.65
[2H]CCN=C(O)OC(C)(C)C,6.91,1.55,8.03
[2H]C1C=C(C)CCC1C(C)C,5.17,1.94,5.43
[2H]C=Nc1ncc(Cl)cc1Cl,9.78,1.7,5.55
[2H]C(O)=NCCCc1ccccc1,4.27,1.7,6.9
[2H]OC(=NC)C(F)(F)F,5.24,1.35,5.2
[2H]CCC(O)=NCc1ccccc1,8.51,1.54,8.7
[2H]C=Nc1cc(C)cc(C)c1,8.48,1.59,5.41
[2H]C=Nc1cc(OC)ccc1OC,4.92,1.7,7.99
[2H]C=Nc1ccc(C)c(F)c1,9.35,1.7,4.22
[2H]C=Nc1ccc(OC)cc1OC,10.49,1.49,5.92
[2H]C=Nc1ccc(Br)cc1Cl,3.91,1.7,8.66
[2H]CC(C(C)=O)C(=O)OC,4.15,1.54,6.6
[2H]C(O)=Nc1ccc(F)cc1,4.09,1.7,7.53
[2H]C(O)=Nc1ccccc1OCC,4.72,1.47,7.17
[2H]C(=O)c1ccc(OC)cc1,6.65,1.39,7.47
[2H]C(O)=NN=Cc1ccncc1,10.19,1.7,5.12
[2H]S(=O)(=O)N1CCCCC1,5.1,1.91,6.48
[2H]C(N=C(C)O)C(=O)OC,4.19,1.61,5.35
[2H]OC(CCC(=O)O)=NC,5.97,1.17,5.66
[2H]C(=O)Cc1ccc(OC)cc1,4.23,1.38,9.06
[2H]C=NN=C(O)c1ccccc1F,4.86,1.7,9.37
[2H]C(O)=NN=C(C)CC(C)C,9.58,1.7,4.98
[2H]CC(N=C(C)O)C(O)=NN,7.1,1.54,5.62
[2H]C(=O)Cc1ccc(Br)cc1,4.23,1.38,8.73
[2H]C(O)=NCCCCCCCCCCCC,3.97,1.48,11.79
[2H]C(=O)C=CNc1ccccc1C,4.68,1.39,9.22
[2H]C=NN=C(O)Cc1cccn1C,8.54,1.7,7.46
[2H]C(=O)Cc1ccc(Cl)cc1,4.23,1.38,8.44
[2H]CCCCCCCCCCCCCCCCCC,4.26,1.56,11.55
[2H]C(O)=Nc1nnc(CCC)s1,4.24,1.46,10.04
[2H]C(=O)C=Cc1ccccc1Cl,5.65,1.39,8.56
[2H]C=NN=C(O)Cc1ccccc1,8.63,1.7,7.38
[2H]C=NNC(S)=NC1CCCCC1,8.68,1.61,6.86
[2H]N(C(S)=NC)c1ccccc1,5.67,2.68,5.87
[2H]C(=O)C=Cc1ccccc1OC,5.57,1.39,8.59
[2H]C(Cc1ccccc1)C(=O)O,4.23,2.02,7.02
[2H]CC(N=C(O)CN)C(=N)O,6.94,1.54,6.19
[2H]NS(=O)(=O)c1ccccc1,7.07,0.94,6.41
[2H]C=NNC(S)=Nc1ccccc1,7.51,1.7,7.21
[2H]C=Nc1ccc(C)c(Cl)c1,9.36,1.7,4.19
[2H]C(O)=Nc1c(C)cccc1C,3.95,2.14,6.96
[2H]CCN=C(O)COc1ccccc1,6.94,1.54,8.95
[2H]C(=O)OC(C)c1ccccc1,7.37,1.7,6.34
[2H]CC(C(=O)O)c1ccccc1,6.02,1.54,6.98
[2H]C(O)=Nc1cccc(C)c1C,5.08,1.81,7.81
[2H]N=C(O)CC(C)CC(=O)O,4.61,1.49,6.4
[2H]C=NNc1nc(C)cc(C)n1,9.9,1.88,4.64
[2H]C=C(C#N)C(O)=NCCCC,6.46,1.65,8.97
[2H]C(O)=Nc1ccc(OC)cc1,4.17,1.7,9.15
[2H]C(O)=Nc1ccc(Cl)cc1,4.07,1.7,8.37
[2H]OC(=O)c1ccc(OC)cc1,9.95,1.4,5.11
[2H]CN1C(=O)CCC1C(=O)O,5.15,1.52,5.52
[2H]C1c2ccccc2CNC1(C)C,5.98,2.01,6.08
[2H]C1CC(=O)c2ccccc2O1,4.13,1.82,7.04
[2H]S(=O)(=O)Nc1ccccn1,3.66,1.89,7.28
[2H]OC(=NC)OC(C)(C)C,7.23,1.92,5.19
[2H]Oc1nc2c(Cl)cccc2s1,6.02,1.35,7.87
[2H]CCCCCCCC=CCC=CCC=C,10.36,1.56,15.17
[2H]C(=O)C(C)(C)NC(C)C,7.05,1.99,4.76
[2H]C(C)(O)CCCC(C)(C)O,6.97,2.38,6.25
[2H]OC(COCC(=O)O)=NC,6.84,1.35,5.19
[2H]N=Nc1ccc(N=COC)cc1,11.95,1.7,5.15
[2H]CCN=C(O)c1ccccc1Cl,5.26,1.54,8.08
[2H]C=NN=C(O)CCCCCCCCC,9.11,1.7,12.47
[2H]N=Cc1ccc(C(C)C)cc1,10.05,1.57,5.42
[2H]c1ccc(C(F)(F)F)cc1,7.66,1.9,3.15
[2H]C=NN=C(O)c1ccccc1C,4.88,1.7,9.43
[2H]NC(=O)c1ccc(Cl)cc1,4.59,1.35,8.3
[2H]C=NN=C(O)c1ccccc1N,4.92,1.7,9.4
[2H]CN=C(O)CCCCCCC(C)C,4.09,1.56,9.97
[2H]CC(N=C(C)O)C(=O)OC,4.17,1.54,5.87
[2H]C(=O)CCCCCCCCCCCCC,17.12,1.7,11.39
[2H]C=NNC(O)=Nc1ccccc1,6.92,1.64,7.23
[2H]NCC(O)CN(CCCC)CCCC,10.61,1.36,8.14
[2H]C(O)=NN=CCc1ccccc1,9.41,1.7,7.1
[2H]C(O)=NNC(O)=NC(C)C,7.25,1.7,6.21
[2H]CCCCCCCCCC=CCCCCCC,4.37,1.56,12.87
[2H]C=Nc1c(C)cc(C)cc1C,9.34,1.78,4.98
[2H]OC(S)=Nc1cccc(F)c1,5.22,1.33,8.43
[2H]C(C)=C1SC(=S)N=C1O,6.31,1.83,6.21
[2H]N=Cc1ccc(N(C)C)cc1,10.41,1.7,5.56
[2H]NC(=O)c1ccc(OC)cc1,10.26,1.59,4.86
[2H]NC(=O)c1ccc(Br)cc1,4.6,1.35,8.59
[2H]NC(CCC(=N)O)C(=O)O,6.19,1.62,5.01
[2H]C(=O)C=Cc1ccccc1Br,5.66,1.38,8.57
[2H]CC(N=C(O)CN)C(=O)O,6.05,1.53,6.89
[2H]CNc1cccc(C(C)=O)c1,3.8,1.55,8.03
[2H]C=Nc1ccc(Br)c(C)c1,3.98,1.6,8.58
[2H]CN=c1ccc(Cl)c[nH]1,9.6,1.57,5.13
[2H]CCC(O)=NCCc1ccccc1,7.14,1.54,9.89
[2H]C(=O)COc1ccc(F)cc1,4.94,1.7,9.09
[2H]C(=O)Oc1ccc(Cl)cc1,9.15,1.7,5.78
[2H]NCn1c(S)nc2ccccc21,5.8,1.34,7.68
[2H]COC(=O)CCCCCCC(C)C,11.99,1.51,11.5
[2H]C(C(C)C)C(N)C(=O)O,4.93,2.21,5.08
[2H]C=CCOC(=O)c1ccccc1,7.69,1.7,8.71
[2H]N(C(=O)S)c1ccc(F)cc1,5.99,1.7,6.46
[2H]CC(C(C)=O)C(=O)OCC,6.46,1.54,7.63
[2H]C=NN=C(O)C=CC(=O)O,4.85,1.7,9.91
[2H]N=C(O)Nc1ccc(F)cc1,4.61,1.7,5.97
[2H]CCC1(C)N=C(O)N=C1O,4.42,1.55,5.83
[2H]C=CC(O)=NC1CCOC1=O,6.04,1.7,7.74
[2H]C=Nc1cc(Cl)ccc1OCC,4.68,1.7,7.85
[2H]OCC(=O)c1ccc(OC)cc1,3.87,1.26,10.73
[2H]C(O)=NN=Cc1ccccc1OC,10.56,1.7,7.32
[2H]C(O)=NC(C)Cc1ccccc1,4.2,1.87,6.85
[2H]N=C(O)CCCCCCCCCCCCC,4.61,1.7,17.73
[2H]C(C)=NNC(=O)c1cccs1,4.66,1.91,8.97
[2H]C(=O)c1oc2ccccc2c1N,6.71,1.39,7.79
[2H]C(O)=Nc1ccc(Cl)cc1F,4.62,1.7,8.56
[2H]C=NN=C(O)c1ccccc1OC,4.88,1.68,9.4
[2H]C=Nc1ccc2sc(C)nc2c1,4.03,1.45,8.62
[2H]C=Nc1cccc(C(=N)O)c1,5.0,1.45,8.74
[2H]C=NN=C(O)COc1ccccc1,4.84,1.7,10.28
[2H]C=NN=C1N=C(O)C(C)S1,8.85,1.62,6.92
[2H]C=Nc1cc(Cl)cc(Cl)c1,8.4,1.7,5.52
[2H]C=Nc1ccc(Cl)c(Cl)c1,9.86,1.7,4.18
[2H]N(CC(=O)OCC)C(O)=NC,4.75,1.67,7.38
[2H]CC(O)=Nc1cccc(CN)c1,9.04,1.92,6.4
[2H]OCCCCCCCCCCCCCCCCCC,5.17,1.28,22.34
[2H]C=NN=C(O)c1ccccc1Cl,4.85,1.7,9.39
[2H]C=C1SC(=S)N(CC)C1=O,6.63,1.64,7.63
[2H]N=C(O)C(C)Oc1ccccc1,4.63,1.55,6.63
[2H]NC=C1SC(=S)N(C)C1=O,5.06,1.5,7.71
[2H]NC(=O)c1ccc(CCl)cc1,4.6,1.35,8.37
[2H]C(=O)C(C)(C)N1CCCC1,5.13,1.99,6.57
[2H]Nc1ccnc2cc(Cl)ccc12,9.62,1.48,5.57
[2H]CN(CC)CCOC(C)=O,6.22,1.55,6.94
[2H]N=Nc1ccc2nn[nH]c2c1,9.41,1.7,5.21
[2H]C(=O)CC(N=O)C(O)=NO,7.17,1.7,6.47
[2H]CCNC=C1C(=O)CCCC1=O,4.14,1.54,8.89
[2H]N=C(O)Nc1ccc(Cl)cc1,4.61,1.7,6.06
[2H]CN=C(O)CCCCC=CC(C)C,11.38,2.44,5.07
[2H]C(=O)C(C)S(=O)(=O)O,4.2,1.97,5.3
[2H]C(=O)C=Cc1ccc(F)cc1,5.53,1.39,9.19
[2H]OC(S)=Nc1cc(F)ccc1F,5.22,1.33,8.44
[2H]OC(S)=Nc1cccc(SC)c1,5.22,1.33,8.5
[2H]C(C)Cc1ccccc1C(=O)O,4.31,1.91,7.11
[2H]C(O)=Nc1ccc(Cl)cc1C,5.12,1.83,8.36
[2H]C(O)=NN=C1CCC(C)CC1,8.85,1.7,7.19
[2H]CC(N=C(O)CCl)C(=O)O,6.74,1.53,6.02
[2H]CN1CCC(O)CC1,6.04,1.55,6.51
[2H]CC(N=C(C)O)C(=O)OCC,7.74,1.57,5.69
[2H]C=Nc1ccc(C(C)=O)cc1,3.91,1.46,9.27
[2H]C=Nc1ccc(C(=O)O)cc1,3.91,1.46,8.96
[2H]C=NN=C(O)c1ccccc1Br,4.85,1.69,9.38
[2H]C(=O)C=Cc1ccc(C)cc1,5.53,1.39,9.7
[2H]CC(N)C(=O)OC(C)(C)C,8.17,1.77,4.84
[2H]C(CCCCCCCCCCCCC)=NO,5.31,1.78,17.55
[2H]C(=O)c1c(Cl)cccc1Cl,6.47,1.7,6.01
[2H]C=CC(=O)c1ccc(C)cc1,8.79,1.7,7.86
[2H]C(O)=Nc1cc(C)ccc1OC,5.59,1.7,7.7
[2H]C(O)=Nc1cccc(Cl)c1C,5.05,1.82,7.94
[2H]OC1=NC(=O)c2ccccc21,7.55,1.35,5.94
[2H]NCn1c(=S)sc2ccccc21,6.58,1.34,7.62
[2H]C(O)=Nc1ccc(OCC)cc1,4.17,1.7,10.41
[2H]C(=O)Cc1cc2ccccc2o1,4.21,1.7,8.37
[2H]N(CCCC)CCCC,3.99,2.19,6.95
[2H]C=CC(=O)c1cccc(C)c1,7.3,1.65,8.16
[2H]C=C(C(=O)O)c1ccccc1,8.58,1.7,4.9
[2H]C(C(=O)O)S(=O)(=O)O,4.84,1.95,4.03
[2H]C(C)(C)c1ccc(OC)cc1,5.92,2.77,8.0
[2H]NCn1c(=S)oc2ccccc21,4.73,1.34,7.44
[2H]CN1CCCCC1CCN1CCCC1,6.38,1.78,7.58
[2H]N=C(O)Nc1c(C)cccc1C,4.61,1.44,5.93
[2H]C(=O)CSC(=S)N1CCCC1,4.22,1.7,8.19
[2H]N=Nc1ccc(C(=O)O)cc1,10.09,1.7,5.11
[2H]N=C(O)COc1ccc(C)cc1,4.63,1.7,8.17
[2H]C=NN=C(O)c1ccccc1NC,4.93,1.7,9.41
[2H]C(O)=NN=C(C)CCCCCCC,9.28,1.7,9.57
[2H]OC1=NC(=O)C2CCCCC12,6.83,1.24,6.05
[2H]N=Nc1ccc(C(C)=O)cc1,10.41,1.7,5.11
[2H]C(C)=NNC(=O)c1ccco1,4.65,1.84,8.68
[2H]C(=O)CC(=O)c1ccccc1,5.24,1.7,8.55
[2H]C(=O)OCc1ccc(Br)cc1,6.55,1.73,9.47
[2H]N=C(O)Nc1cccc(Cl)c1,4.61,1.7,7.45
[2H]C(=O)C=CN1CCN(C)CC1,5.22,1.39,9.55
[2H]C=Nc1cccc(C(C)=O)c1,8.89,1.7,6.63
[2H]N=C1C(=O)Nc2ccccc21,7.58,1.7,6.01
[2H]C(O)=NN=Cc1ccccc1Cl,10.57,1.7,6.53
[2H]C=Cc1ccc(C(=N)N)cc1,10.48,1.7,4.85
[2H]CN(CCCCCCC)CCCCCCC,6.44,1.55,10.62
[2H]C=C(C(C)=O)C(=O)OCC,6.61,1.7,5.39
[2H]C(c1ccccc1)N1CCCCC1,5.89,1.95,6.22
[2H]C(=O)C(=O)Nc1ccccc1,8.76,1.37,6.83
[2H]C=NN=C(O)CNc1ccccc1,4.85,1.64,11.8
[2H]C1C(=O)c2ccccc2C1=O,6.01,1.92,5.72
[2H]C(=O)N1CCc2ccccc2C1,7.75,1.7,7.42
[2H]C=Cc1cc(OC)cc(OC)c1,8.8,1.89,6.54
[2H]C(=O)c1ccc(OC)cc1OC,6.88,1.39,7.3
[2H]Oc1ccc(C(F)(F)F)cc1,5.96,1.35,7.55
[2H]C(=O)C=Cc1cccc(F)c1,5.56,1.39,8.62
[2H]C(=O)CN(C)Cc1ccccc1,4.17,1.97,7.92
[2H]C1OC(C)(C)C(C)(C)O1,6.17,1.72,5.01
[2H]CCC(=O)CC(O)CCCCCCC,4.2,1.54,15.96
[2H]OC(=NC)c1ccccc1Br,8.08,1.28,5.63
[2H]C(O)=NN=C(C)c1cccs1,10.21,1.7,4.99
[2H]C=NN=C(O)OCc1ccccc1,4.91,1.66,11.01
[2H]C=Nc1ccccc1C(F)(F)F,3.91,1.56,6.94
[2H]C1=Nc2ccccc2N=C(O)C1,8.29,1.95,4.76
[2H]C(O)=NN=Cc1ccccc1OCC,10.56,1.7,8.64
[2H]OC(S)=Nc1cc(C)ccc1OC,5.17,1.34,7.55
[2H]C(=O)C(C)(C)N(C)CCBr,5.14,1.97,6.97
[2H]C=NN=C(O)CCCCCCCCCCC,4.86,1.7,16.21
[2H]C=NN=C(O)COc1ccccc1C,4.84,1.7,10.27
[2H]C(=O)C=Cc1ccc(OC)cc1,5.6,1.39,10.45
[2H]C(=O)C=Cc1ccc(Cl)cc1,5.55,1.39,10.04
[2H]N=C(O)c1cccc2ccccc12,4.6,1.44,8.4
[2H]C(C#N)=C(CC)c1ccccc1,6.41,1.98,6.82
[2H]C=NNC(=O)c1ccc(C)cc1,11.6,1.7,4.68
[2H]C=NNC(=O)c1ccc(N)cc1,3.93,1.7,9.91
[2H]C(CC)=C(C#N)c1ccccc1,6.41,2.01,6.95
[2H]OC(S)=Nc1cccc(Cl)c1C,5.22,1.33,9.04
[2H]OC(S)=Nc1c(C)cccc1Cl,5.22,1.32,8.42
[2H]C=NN=C(O)CNc1ccccc1C,11.97,1.65,8.24
[2H]OC1OC(CO)C(O)C(O)C1O,6.76,1.35,5.97
[2H]C(=O)OCC(=O)c1ccccc1,9.99,1.35,5.8
[2H]C(O)=NN=Cc1ccc(F)cc1,11.14,1.7,5.22
[2H]CNc1ccc(C(=O)OCC)cc1,3.86,1.55,11.77
[2H]S(=O)(=O)NCCc1ccccc1,4.18,1.9,5.57
[2H]C(O)=NN=C(C)c1ccccc1,10.6,1.7,5.02
[2H]CC(C)(N=C(C)O)C(=O)O,6.0,1.53,6.39
[2H]C12CC3CC(CC(C3)C1)C2,6.17,3.16,3.5
[2H]C(=O)CSc1nc2ccccc2o1,4.23,1.78,6.92
[2H]C(O)=NN=Cc1ccc(C)cc1,11.51,1.7,5.21
[2H]CC(NCc1ccccc1)C(=O)O,4.35,1.53,9.36
[2H]N=C(O)C1CCCCC1C(=O)O,4.61,1.4,6.75
[2H]C(O)=NN=CC=Cc1ccccc1,12.77,1.7,6.49
[2H]C(=O)CSC(=S)N1CCOCC1,8.7,1.7,7.5
[2H]C=NN=C(O)CCCc1ccccc1,10.91,1.7,5.32
[2H]C(=O)CSC(=S)N1CCCCC1,3.98,1.7,9.15
[2H]C=Nc1ccc(N=C(C)O)cc1,4.09,1.43,9.8
[2H]C(C)=NNC(=O)c1ccncc1,4.29,1.96,8.57
[2H]C=C1C(O)=NC(=O)N=C1O,6.23,1.7,5.96
[2H]CC(N)C(=O)OCc1ccccc1,4.13,1.6,7.54
[2H]CCCSC(CC(=O)O)C(=O)O,10.82,1.55,5.77
[2H]C1Oc2ccc(C=CC)cc2C1C,5.73,1.75,9.61
[2H]N=Cc1ccc(N(CC)CC)cc1,10.68,1.7,6.75
[2H]C(=O)C=Cc1cccc(Br)c1,5.56,1.39,9.48
[2H]C=CC(=O)c1ccc(Cl)cc1,8.81,1.7,7.95
[2H]C(C)(C)C1N=C(O)N=C1O,6.37,2.76,5.11
[2H]S(=O)(=O)c1ccc(N)cc1,4.48,1.92,7.33
[2H]C(=O)CCCCCCCCCCCCCCC,4.23,1.7,17.71
[2H]C(C)=NN=C(O)c1ccoc1C,4.75,1.88,8.97
[2H]C=C1C(O)=NC(=S)N=C1O,6.24,1.7,6.68
[2H]OC1=NC(=S)SC1=COCC,9.57,1.62,6.64
[2H]N=Nc1ccc(N=C(C)O)cc1,10.56,1.62,6.19
[2H]N=C(O)CC1SC(=O)N=C1O,4.62,1.7,6.68
[2H]C(=O)C=Cc1cccc(OC)c1,5.53,1.39,9.96
[2H]C(C)=NN=C(O)Cc1cccs1,4.7,1.86,9.53
[2H]N=C(O)c1ccc(Cl)cc1Cl,4.61,1.69,8.44
[2H]C=NN=C(O)CCCCCCCCC=C,4.86,1.7,14.5
[2H]N=Nc1ccc(C(=O)OC)cc1,11.1,1.7,5.11
[2H]C(=O)C=Cc1ccc(Br)cc1,5.55,1.39,10.34
[2H]C(O)C(CO)Oc1ccccc1OC,5.26,1.68,7.72
[2H]C=NNC(=O)c1ccc(F)cc1,11.05,1.7,4.67
[2H]C=NN=C(O)c1cc(C)oc1C,4.9,1.7,9.89
[2H]C(CN(C)C)C1(O)CCCCC1,6.07,1.94,6.03
[2H]C1CC(CC)=NN1c1ccccc1,6.15,1.8,7.16
[2H]C(=O)c1ccc(OCC#C)cc1,7.27,1.39,10.04
[2H]Cc1nc2ccccc2[nH]c1=O,6.31,1.53,7.82
[2H]C(C)=NN=C(O)c1ccccn1,4.7,1.84,9.09
[2H]N=Cc1ccc(N=C(C)O)cc1,10.72,1.62,6.2
[2H]CNc1ccc(C2CCCCC2)cc1,4.34,1.55,11.27
[2H]C=NN=C(O)c1cccc(C)c1,10.32,1.7,5.86
[2H]C(O)=NN=C(O)c1ccccc1,10.53,1.7,5.32
[2H]CNC(C)COc1c(C)cccc1C,6.39,1.56,9.98
[2H]CCC=CC(=O)CCc1ccccc1,10.58,1.55,8.51
[2H]C(=O)CN1CCc2ccccc2C1,4.16,1.7,8.58
[2H]N=C(O)Nc1cc(Cl)ccc1C,4.61,1.63,6.75
[2H]C(C=Cc1ccc(C)cc1)=NO,6.17,1.71,9.57
[2H]CCNC(=O)c1ccc(Cl)cc1,4.69,1.54,10.59
[2H]C(O)=Nc1cc(Cl)ccc1Cl,3.95,1.83,7.83
[2H]C(O)=Nc1c(CC)cccc1CC,4.81,2.26,6.94
[2H]C(O)=Nc1cc(C)on1,4.06,1.47,7.49
[2H]S(=O)(=O)c1ccc(C)cc1,4.52,1.91,7.54
[2H]COCCCN=C(O)OC(C)(C)C,9.3,1.54,9.48
[2H]N=C(O)c1c(OC)cccc1OC,4.61,1.49,6.61
[2H]CCNC=C(C(C)=O)C(C)=O,9.38,1.54,6.32
[2H]C=NC(C(=O)O)c1ccccc1,7.46,2.75,4.78
[2H]C(O)CNC(C)CCc1ccccc1,9.22,1.74,7.37
[2H]C=Nn1cnnc1SCc1ccccc1,10.71,1.65,7.76
[2H]N=C(O)Nc1cccc(Cl)c1C,4.61,1.7,7.33
[2H]C1(CC)N=C(O)N(C)C1=O,5.38,2.93,5.1
[2H]C(=O)C=Cc1ncc(Cl)n1C,9.27,1.7,6.88
[2H]N=C(O)c1ccccc1C(=O)O,4.6,1.7,7.15
[2H]C(=O)CCSc1ccc(Br)cc1,12.74,1.7,5.95
[2H]NC1=CC(=O)CC(C)(C)C1,6.6,0.92,6.86
[2H]C=NNc1ccc(C(=O)O)cc1,9.11,1.7,8.76
[2H]C(C)=NN=C(O)c1cnccn1,4.7,1.84,8.96
[2H]OCC(O)=Nc1ccc(Br)cn1,3.83,1.28,10.6
[2H]C(CC)=NNC(=O)c1cccs1,4.29,1.93,8.66
[2H]C(=N)c1ccc(N(C)C)cc1,6.77,1.7,8.29
[2H]OC(=O)C(C)(C)C,5.93,1.35,4.59
[2H]C(C)=NN=C(O)c1cccnc1,4.71,1.84,9.02
[2H]C(C)=NN=C(O)c1ccccc1,4.72,1.84,9.17
[2H]C(=O)Oc1ccccc1C(=O)O,8.02,1.78,5.45
[2H]C=NCCc1ccc(OC)c(OC)c1,5.47,1.7,9.28
[2H]C=NNS(=O)(=O)c1ccccc1,7.37,2.45,6.06
[2H]C=C1Oc2ccc(Cl)cc2C1=O,8.11,1.7,7.72
[2H]CCC(=O)ON1C(=O)CCC1=O,4.86,1.54,8.61
[2H]C=NN=C(O)CNc1ccccc1OC,6.84,1.64,11.8
[2H]C=Nc1ccc(Cl)c2cccnc12,4.02,1.7,8.47
[2H]C=NNC(=O)c1ccc(OC)cc1,12.69,1.7,4.69
[2H]C=NN=C(O)COc1ccccc1Cl,4.83,1.7,10.26
[2H]C=NNC(=O)c1ccc(Cl)cc1,11.9,1.7,4.67
[2H]C=NN=C(O)Cn1nc(C)cc1C,9.09,1.7,7.54
[2H]C=Nc1ccc(C(=O)OCC)cc1,3.91,1.46,9.97
[2H]C(C)=NN=C(O)Cc1cccn1C,5.54,1.87,9.12
[2H]C(O)=NN=Cc1ccc(OC)cc1,12.68,1.72,5.21
[2H]CNc1ccc(OC(F)(F)F)cc1,3.8,1.55,9.64
[2H]N=Nc1cccc(C(F)(F)F)c1,8.97,2.02,5.11
[2H]C=NNC(S)=Nc1cccc(C)c1,7.51,1.7,8.21
[2H]C(=O)C(CO)Oc1ccccc1OC,4.75,1.8,8.44
[2H]C=NN=C(O)c1cccc(OC)c1,5.63,1.67,10.09
[2H]CNc1ccc(Oc2ccccc2)cc1,4.33,1.55,11.73
[2H]C=Nn1c(C)nnc1SCC(=O)O,4.96,1.7,6.1
[2H]C=NN=C(O)c1cccc(Br)c1,4.86,1.69,9.23
[2H]C=NN=C(S)Nc1ccc(F)cc1,5.66,1.7,8.95
[2H]C=NNC(=O)c1ccc(Br)cc1,3.93,1.7,10.74
[2H]N=Nc1ccc(C(C)(C)C)cc1,10.4,1.57,5.44
[2H]C(O)C(N=C(C)O)C(=O)OC,6.85,1.66,5.63
[2H]C(CC)=NN=C(O)Cc1cccs1,4.71,1.87,9.53
[2H]C=Nc1ccc(C(F)(F)F)cc1,3.91,1.46,8.48
[2H]C=C(C(=O)OCC)C(=O)OCC,8.18,1.64,7.14
[2H]C=NN=C(O)C(O)c1ccccc1,4.85,1.66,9.68
[2H]C=NN=C(O)COc1ccccc1OC,8.49,1.7,8.15
[2H]N=C(O)Nc1cccc2ccccc12,4.61,1.7,8.1
[2H]CC(N=C(O)C(C)N)C(=O)O,6.91,1.54,6.68
[2H]C(CCCCCCCCCCCCCCC)=NO,5.37,1.78,17.99
[2H]C=Nn1c(S)nnc1C1CCCCC1,8.13,1.7,6.94
[2H]C=NN=C(O)c1cccc(Cl)c1,4.86,1.7,9.23
[2H]NC=C1C(O)=NC(=O)N=C1O,5.1,1.42,7.54
[2H]C(CC)=NN=C(O)c1cnccn1,4.71,1.86,8.96
[2H]N(C(=O)S)c1ccc(C)c(C)c1,5.95,1.76,6.95
[2H]N=C(O)Nc1ccc(Cl)cc1OC,4.6,1.66,7.59
[2H]N=C(O)Nc1cc(OC)ccc1OC,4.6,1.62,7.04
[2H]CN1CCN(c2ccccc2OC)CC1,7.04,1.55,9.65
[2H]N=C1SCC(=O)N1c1ccccc1,7.89,2.68,5.46
[2H]NS(=O)(=O)c1ccc(C)cc1,7.91,0.94,6.64
[2H]N=Nc1ccc(C(=O)OCC)cc1,12.42,1.7,5.11
[2H]C(O)=NN=Cc1cccc(OC)c1,11.18,1.7,6.71
[2H]C(O)=NCN1CC(C)OC(C)C1,3.96,1.47,6.68
[2H]C=NN1CCN(c2ccccn2)CC1,12.27,1.75,5.45
[2H]C=CC(C)(C=C)CCC=C(C)C,4.8,1.57,7.52
[2H]Cc1c2ccccc2nc2ccccc12,6.27,1.56,7.2
[2H]C=NN1CCN(c2ccccc2)CC1,12.39,1.76,5.6
[2H]CCN=C(O)CC(C)c1ccccc1,6.94,1.54,9.79
[2H]C1C=C(C(=O)O)NC(O)=N1,5.92,1.84,5.54
[2H]OC(=O)CC(C)N=C(O)OC,8.39,1.32,6.89
[2H]CCN=C(O)Cc1cccc(Br)c1,6.16,1.54,8.97
[2H]C(=O)N1CCN(C(C)=O)CC1,6.48,1.38,7.35
[2H]C1Nc2cccc3cccc(c23)N1,3.89,1.79,7.03
[2H]C=Nc1cccc(C(F)(F)F)c1,9.01,1.7,4.43
[2H]N=C(S)Nc1c(CC)cccc1CC,5.36,1.62,6.97
[2H]C=C1SC(=S)N(CCCC)C1=O,6.63,1.67,9.94
[2H]CC(CO)N=C(O)OC(C)(C)C,7.15,1.54,6.67
[2H]C=C1SC(=S)N(CC=C)C1=O,8.72,1.7,6.77
[2H]C(=O)OC1CC2CCC(C1)N2C,8.37,1.81,6.39
[2H]C(=O)CN=C(O)OC(C)(C)C,6.2,1.65,8.28
[2H]N=Cc1ccccc1OCc1ccccc1,8.12,1.67,9.73
[2H]C1=NNC(c2ccc(F)cc2)C1,9.54,2.06,5.09
[2H]C=Nc1cc(OC)c(Cl)cc1OC,9.74,1.64,7.03
[2H]CC(N)C(O)=NC(C)C(=O)O,6.88,1.54,7.35
[2H]C(O)=NNC(S)=Nc1ccccc1,8.65,1.47,6.73
[2H]C=Nc1c(Cl)cc(Cl)cc1Cl,4.29,1.79,8.4
[2H]C(=O)C=Cc1cc2ccccc2o1,6.52,1.39,10.2
[2H]CC(N=C(O)CCl)C(=O)OCC,6.75,1.53,6.7
[2H]CCC(O)=NCCc1cccc(F)c1,7.14,1.54,9.91
[2H]C=Nc1ccc2nc(SCC)sc2c1,13.63,1.7,4.26
[2H]C(O)=NN=Cc1ccc(Cl)cc1,12.01,1.69,5.22
[2H]C=NCCc1c[nH]c2ccccc12,3.93,1.7,6.1
[2H]C=C(C#N)C(=O)c1ccccc1,6.44,1.7,8.41
[2H]CCC(=O)CC(O)CCCCCCCCC,6.25,1.54,18.29
[2H]C(=O)Oc1ccc(Cl)c(C)c1,9.13,1.7,5.77
[2H]C(O)=NC(=N)NCc1ccccc1,3.95,1.7,8.41
[2H]NC(=O)C(=O)NCc1cccnc1,4.62,1.42,9.58
[2H]OC(S)=Nc1cc(OC)ccc1OC,5.17,1.29,8.72
[2H]C=Nc1cc(Cl)c(OC)cc1OC,6.29,1.7,9.03
[2H]C=C1C(=O)c2ccccc2C1=O,7.1,1.7,7.61
[2H]C=Nc1sc2c(c1C#N)CCCC2,10.17,1.7,4.93
[2H]C=Nc1ccc(N2CCCCC2)cc1,4.14,1.7,10.88
[2H]C=C1COc2ccc(C)cc2C1=O,9.39,1.54,6.85
[2H]NC=CC(=O)c1cccc(OC)c1,11.16,0.91,6.39
[2H]N=C(O)CCCCCCCCCCCCCCC,4.61,1.69,18.99
[2H]NC(Cc1ccc(O)cc1)C(=O)O,7.21,1.5,6.01
[2H]C(O)=NC(=N)NCCc1ccccc1,4.96,1.7,8.88
[2H]C=NNC(=O)c1ccc(OCC)cc1,13.94,1.7,4.69
[2H]C(O)=NC(=N)NC1CCCCCCC1,3.95,1.73,9.19
[2H]N(Cc1ccccc1)c1ccc(CS)cc1,5.86,2.48,8.0
[2H]C=NN=C(O)COc1ccc(F)cc1,4.84,1.7,10.71
[2H]C(=O)c1cnn(C(C)(C)C)c1,5.39,1.65,7.75
[2H]C=CC(=O)C=C(O)C(=O)OCC,11.6,1.7,6.54
[2H]NC=C(C(=O)OCC)C(=O)OCC,4.97,1.44,8.28
[2H]C=NNC(S)=Nc1cccc(Cl)c1,8.54,1.7,6.76
[2H]C(O)=Nc1ccc(Cl)c(Cl)c1,4.06,1.7,8.38
[2H]C=NN=C(O)CCCCCCCCCCCCC,15.67,1.7,13.8
[2H]C=NNC(=O)c1cc(C)[nH]n1,4.8,1.68,9.73
[2H]C=NN1CCN(Cc2ccccc2)CC1,12.37,1.76,5.09
[2H]C(=O)C=Cc1ccc(OC)cc1OC,5.67,1.39,10.41
[2H]C=Nc1nnc(S)n1Cc1ccccc1,7.35,1.7,7.99
[2H]OC1=NC(=O)C2=C1CCCC2,7.63,0.92,5.92
[2H]C=NN=C(S)Nc1ccc(OC)cc1,11.6,1.78,5.51
[2H]C=NN=C(O)COc1ccc(C)cc1,13.05,1.7,7.21
[2H]C(O)=Nc1ccccc1C(F)(F)F,3.95,1.85,7.01
[2H]C(O)=Nc1nc2ccccc2[nH]1,4.43,1.46,8.78
[2H]C(CC)=NN=C(O)Cc1cccn1C,5.56,1.89,9.11
[2H]CN1CCN(c2ccc(F)cc2)CC1,8.14,1.55,10.1
[2H]C(=O)Cc1ccc(OC)c(OC)c1,4.23,1.38,9.0
[2H]C(=O)C=Cc1cc(OC)ccc1OC,7.8,1.39,8.57
[2H]C(=O)C=Cc1cccc(OC)c1OC,5.56,1.39,10.02
[2H]CCN=C(O)CCc1ccc(OC)cc1,6.95,1.54,9.98
[2H]N=C(O)COc1ccc(Br)cc1Br,4.64,1.44,8.19
[2H]C=NN1C(=O)c2ccccc2C1=O,10.07,1.7,5.39
[2H]C=NNc1c(Cl)cc(Cl)cc1Cl,8.37,1.7,7.98
[2H]C(O)=NN=C(CCC)c1ccccc1,10.59,1.83,7.03
[2H]C(=O)C=Cc1c(Cl)cccc1Cl,5.64,1.76,8.67
[2H]C=NN=C(O)CNc1ccc(C)cc1,13.06,1.7,7.78
[2H]C=NN=C(O)CNc1cccc(C)c1,5.53,1.64,12.02
[2H]C(=O)N1CCC(C)c2ccccc21,5.94,1.7,6.74
[2H]C=C(C#N)C(O)=NCc1ccco1,6.48,1.66,6.09
[2H]C=C1N=C(c2ccccc2)OC1=O,9.43,1.7,7.46
[2H]C=C1SC(=S)N(CCCCC)C1=O,6.63,1.67,11.06
[2H]C=C(C#N)C(O)=NCC1CCCO1,6.46,1.66,8.18
[2H]C(O)=NN=Cc1ccccc1OCC=C,10.56,1.67,9.47
[2H]C=C1SC(=S)N(CCCOC)C1=O,6.63,1.7,7.69
[2H]C(O)=NN=Cc1ccc(OCC)cc1,13.79,1.71,5.21
[2H]C=Nn1c2ccccc2c2ccccc21,8.89,1.7,6.92
[2H]C=NN=C(O)COc1cccc(C)c1,4.84,1.64,11.89
[2H]CC(N=C(O)C(N)CO)C(=O)O,6.06,1.53,7.83
[2H]C=C1SC(N2CCCCN2)=NC1=O,8.58,1.62,8.29
[2H]C=Nc1ccc(Nc2ccccc2)cc1,4.19,1.7,10.76
[2H]C(=O)CC(CC(=O)O)C(=O)O,6.85,1.67,5.8
[2H]CCc1cc(OC)c(OC)c(OC)c1,4.99,1.55,8.57
[2H]S(=O)(=O)NCc1ccc(C)cc1,3.85,1.9,6.89
[2H]C=Nc1ccc(Oc2ccccc2)cc1,12.33,1.7,6.81
[2H]C(CC)C(CC)c1ccc(OC)cc1,10.47,2.35,5.69
[2H]C1CC(c2ccc(Cl)cc2)=NN1,9.75,1.88,7.02
[2H]C=C1SC(=S)N(C2CC2)C1=O,6.64,1.65,7.91
[2H]N(C)c1ccnc2cc(Cl)ccc12,5.88,1.54,8.25
[2H]C1Nc2ccccc2C2(C)OCCC12,5.46,1.9,7.13
[2H]C=CC(=O)CC(=O)c1ccccc1,5.66,1.7,9.39
[2H]C=NN=C(O)CC1=NN=C(O)C1,4.86,1.64,7.26
[2H]C(O)=NNC(O)=Nc1ccccc1F,6.18,1.46,6.34
[2H]C(=O)OC1CC(C)CCC1C(C)C,7.92,2.11,6.68
[2H]C=NS(=O)(=O)CCc1ccccc1,5.81,1.67,10.29
[2H]C(=O)CCCCCCCCCCCCCCCCC,21.62,1.7,10.93
[2H]C12NCCN1C(=O)c1ccccc12,4.97,2.64,5.97
[2H]C=Nc1ccc2nc(SCCO)sc2c1,4.0,1.45,11.33
[2H]C(=NNc1ccccc1)c1ccccc1,6.23,1.7,8.04
[2H]CCOC1OC(CO)C(O)C(O)C1O,8.95,1.54,6.83
[2H]C(O)(c1ccccc1)c1ccccc1,5.77,2.53,6.2
[2H]C(=O)CC(O)=Nc1ccccc1OC,6.61,1.7,6.92
[2H]C(C)(O)CC(=O)OC(C)(C)C,4.09,2.35,7.98
[2H]C1=NNC(c2ccc(Cl)cc2)C1,10.3,2.06,5.83
[2H]NC1=CC(=O)c2ccccc2C1=O,8.78,1.56,6.49
[2H]C=C1SC(N2CCOCC2)=NC1=O,7.28,1.65,8.69
[2H]C(O)CNC(C)(C)Cc1ccccc1,7.91,1.74,9.11
[2H]NS(=O)(=O)c1ccc(Cl)cc1,7.08,0.94,7.52
[2H]C=C1SC(N2CCCCC2)=NC1=O,7.37,1.65,9.06
[2H]N=C(O)c1ccc(Cl)c(Cl)c1,4.61,1.7,8.27
[2H]C1(O)C(=O)c2ccccc2C1=O,4.18,2.41,6.68
[2H]C(O)C(C)NC(C)Cc1ccccc1,5.05,1.74,8.31
[2H]C(=O)c1c(CC)oc2ccccc12,7.4,1.7,7.4
[2H]C(O)=Nc1ccc(OC)c(Cl)c1,4.16,1.7,9.15
[2H]NN=C(O)c1ccc(Cl)c(Cl)c1,6.64,1.23,9.21
[2H]N=C(O)Nc1ccc(Cl)c(Cl)c1,4.61,1.7,7.46
[2H]OCC(O)=NC(C)C1CC2CCC1C2,7.24,1.28,8.79
[2H]C1(c2ccccc2)N=C(O)N=C1O,5.32,2.83,6.13
[2H]C=NN=C(O)COc1ccccc1CC=C,6.3,1.7,11.58
[2H]C(=O)C=Cc1ccc(C(C)C)cc1,5.62,1.39,10.61
[2H]N=Cc1c2ccccc2cc2ccccc12,8.65,1.7,7.69
[2H]C(O)C(C)NC(C)COc1ccccc1,5.47,1.68,9.81
[2H]OC(S)=Nc1ccccc1C(F)(F)F,5.22,1.33,8.41
[2H]C(O)=NC(CCC(=O)O)C(=O)O,4.29,2.07,6.21
[2H]OCCCCCC(C)(C)c1nn[nH]n1,3.99,1.28,7.62
[2H]N=Nc1ccc(S(=O)(=O)O)cc1,9.75,1.7,5.14
[2H]C=C(C#N)C(O)=NCc1ccccc1,8.62,1.59,8.68
[2H]C12NCCCN1C(=O)c1ccccc12,5.18,2.95,5.84
[2H]C=NN=C(O)COc1cccc(Cl)c1,12.47,1.71,5.58
[2H]C=NN=C(O)COc1ccc(Cl)cc1,13.89,1.71,4.7
[2H]C=NNC(=O)C(=O)Nc1ccccc1,4.75,1.7,11.78
[2H]C(=O)Oc1ccc(N=C(C)O)cc1,10.79,1.86,5.37
[2H]C(=O)OC1CC(C)CC(C)(C)C1,8.36,1.7,6.43
[2H]C=NN=C(O)c1cc(Br)ccc1OC,10.25,1.86,7.94
[2H]C=NN=C(O)c1ccc(Cl)cc1Cl,4.85,1.7,10.82
[2H]N=Cc1ccc(OCc2ccccc2)cc1,14.21,1.7,6.09
[2H]C=Nc1cc(C(F)(F)F)ccc1Cl,3.98,1.69,8.28
[2H]N=C(O)CCCCCCCCCCCCCCCCC,4.61,1.54,16.74
[2H]C(O)CNC(C)Cc1ccc(OC)cc1,11.17,1.73,9.86
[2H]C1N=C(O)NC(C)=C1C(=O)OC,5.75,1.87,5.53
[2H]CC(N=C(O)C1CCCN1)C(=O)O,6.91,1.53,8.0
[2H]N=C(S)N=C(O)C=Cc1ccccc1,12.84,1.7,4.51
[2H]C=NN=C(O)COc1ccc(Br)cc1,14.19,1.72,4.7
[2H]OC1=NC(c2cccc(Br)c2)SC1,5.15,1.21,9.0
[2H]C=Cc1cc(OC)c(OC)c(OC)c1,10.48,2.19,6.72
[2H]C=C1SC(=S)N(CCCCCC)C1=O,12.55,1.7,7.34
[2H]C(=O)C=Cc1ccc(N(C)C)cc1,5.73,1.39,10.95
[2H]CC(N=C(O)C1CCCN1)C(=N)O,7.07,1.53,6.94
[2H]C(O)=NN=C(C)c1ccc(C)cc1,11.6,1.7,5.02
[2H]C=NN=C(O)COc1ccc(OC)cc1,4.84,1.7,11.54
[2H]N(CC1=NCCN1)c1ccc(C)cc1,7.15,2.67,7.08
[2H]C=Nc1ccc(S(N)(=O)=O)cc1,3.91,1.47,9.3
[2H]C=NNC(=O)c1ccc(OCCC)cc1,15.22,1.7,4.69
[2H]C(O)=NN=Cc1cccc2ccccc12,10.68,1.7,7.6
[2H]C(O)=NN=Cc1cc(Br)ccc1OC,10.68,1.87,7.33
[2H]C(CC)(c1ccccc1)c1ccccc1,5.73,3.07,6.24
[2H]C=NN=C(O)COc1cc(C)ccc1C,5.06,1.68,11.59
[2H]C(O)=NN=Cc1ccc(Cl)cc1Cl,12.02,1.69,6.53
[2H]C(=O)N1CCN(c2ccccc2)CC1,7.27,1.38,9.75
[2H]C=NN=C(O)Cn1cnc2ccccc21,6.9,1.7,10.1
[2H]C=NN=C(O)COc1cccc(OC)c1,4.84,1.7,10.27
[2H]C=C1C(O)=Nc2ccc(OC)cc21,10.06,1.7,5.53
[2H]C1(C)CC(C)(C)Oc2ccccc21,4.6,2.75,6.15
[2H]C=NNC(S)=Nc1cc(C)ccc1OC,3.95,1.7,7.43
[2H]C=NN1CCN(c2ccccc2OC)CC1,4.64,1.61,11.0
[2H]C=NN=C(O)c1cccc2ccccc12,10.92,1.7,6.27
[2H]C=NN=C(O)Cn1nnc2ccccc21,7.14,1.7,10.14
[2H]C=C1SC(=S)N(CC(C)C)C1=O,9.29,1.7,6.76
[2H]C(O)C(C)NC(C)CCc1ccccc1,5.06,1.92,6.16
[2H]C1=NN(c2ccccc2)C(=O)CC1,7.37,2.33,7.31
[2H]C(O)=NN=C(C)C=Cc1ccccc1,7.27,1.7,10.55
[2H]C=Nn1c(S)nnc1COc1ccccc1,7.29,1.79,9.35
[2H]C=NN=C(O)CNc1cccc(Cl)c1,4.85,1.64,11.8
[2H]C=C(C#N)C(O)=NCc1cccnc1,7.76,1.7,8.91
[2H]C(C)=NN=C(O)c1cc(C)oc1C,4.75,1.88,9.89
[2H]C=NNC(=O)c1ccc2ccccc2n1,12.24,1.7,5.13
[2H]OC1=NC(=O)c2cc(Br)ccc21,9.21,1.35,5.94
[2H]C=Nc1ccc2nc(SCC=C)sc2c1,15.11,1.7,4.26
[2H]C1N=C(S)NC(C)=C1C(=O)OC,5.19,1.89,5.58
[2H]C(=O)CN1Cc2ccccc2C(C)C1,4.16,1.7,8.6
[2H]CNc1c(F)c(F)c(F)c(F)c1F,3.58,1.54,7.83
[2H]C(=O)Cc1cc2c(cc1C)OCCO2,5.49,1.38,8.72
[2H]C1N(C)C(=O)N(C)C(=O)N1C,4.04,2.05,5.63
[2H]C=NN=C(O)CNc1ccc(OC)cc1,8.23,1.7,9.7
[2H]C1(O)C2C3C4CC5C3C1C5C42,6.01,2.23,5.52
[2H]C=NN=C(O)CC1C(C)=NN=C1O,4.86,1.64,8.56
[2H]C=NN=C(O)COc1ccc(CC)cc1,13.74,1.7,7.95
[2H]C(CCCCCCCCCCC)=NNC(=N)O,5.32,1.81,14.52
[2H]C(CCCCCCCCCCC)=NNC(=N)S,5.11,1.82,12.76
[2H]CCC(CC(=O)CCc1ccccc1)OC,4.13,1.55,9.04
[2H]C=NN=C(O)Cc1cccc2ccccc12,8.77,1.7,9.46
[2H]C=NN=C(O)CCC1C(C)=NN=C1O,4.86,1.7,8.17
[2H]C=Nn1c(C)cc(C)c(C#N)c1=O,5.83,1.7,8.07
[2H]C(O)=NN=Cc1ccc2c(c1)CCC2,11.86,1.61,6.31
[2H]C=NN=C(O)CSc1nc2ccccc2s1,9.13,1.67,11.28
[2H]C=Nc1ccc(C=Cc2ccccc2)cc1,4.04,1.44,12.74
[2H]C1N=C(O)NC(C)=C1C(=O)OCC,5.75,1.87,5.77
[2H]C=NNC(=O)C(=O)Nc1ccccc1C,5.27,1.7,11.76
[2H]C=NN1CCN(Cc2ccccc2Cl)CC1,4.64,1.61,10.55
[2H]N=C(O)C(OC(C)=O)c1ccccc1,4.62,1.36,8.04
[2H]C=NN=C(O)COc1ccc(CCC)cc1,15.49,1.71,4.69
[2H]C=C(C#N)C(O)=NCCN1CCOCC1,9.76,2.03,5.1
[2H]NS(=O)(=O)c1ccc2ccccc2c1,5.65,1.49,9.37
[2H]Nc1c2ccccc2nc2c1c(C)nn2C,8.09,1.48,6.96
[2H]C1CCN(C(=O)OC(C)(C)C)CC1,9.32,1.92,7.18
[2H]C1C(C#N)=C(C)NC(C)=C1C#N,5.49,1.99,5.28
[2H]C(=O)C=Cc1ccc2c(c1)OCCO2,5.51,1.39,10.78
[2H]N(C)S(=O)(=O)c1ccc(F)cc1,8.11,2.17,5.36
[2H]N(C)S(=O)(=O)c1ccc(C)cc1,8.87,2.25,5.73
[2H]C=C1SC(=S)N(CC(=O)O)C1=O,6.63,1.66,8.28
[2H]C=NNC(=O)c1n[nH]c2c1CCC2,4.8,1.67,10.13
[2H]S(=O)(=O)Nc1ccccc1C(=O)O,3.63,1.9,7.35
[2H]C(=O)OCC(=O)c1ccc(Br)cc1,11.74,1.35,5.77
[2H]C=NNS(=O)(=O)c1ccc(C)cc1,3.94,1.63,6.72
[2H]C=NN=C(O)CCn1cnc2ccccc21,4.85,1.66,11.54
[2H]C(O)=Nc1cccc(C(F)(F)F)c1,4.05,1.7,7.03
[2H]C=C(C#N)C(O)=Nc1ccccc1OC,6.32,1.7,8.25
[2H]C=NN=C(O)c1cc(Br)ccc1OCC,6.11,1.67,9.11
[2H]C1N=C(S)NC(C)=C1C(=O)OCC,5.85,1.89,5.61
[2H]C=NN=C(O)c1sc(=N)[nH]c1C,10.86,1.7,6.54
[2H]C=NN=C(O)CCCCCCCCCCCCCCC,14.09,1.7,17.99
[2H]C(O)=NN=CC(Br)=Cc1ccccc1,8.76,1.7,9.18
[2H]C1C(C#N)=C(N)SC(N)=C1C#N,4.52,2.42,5.32
[2H]C=C(C#N)c1nc2ccccc2[nH]1,10.08,1.7,5.18
[2H]C(N=C(O)OC(C)(C)C)C(=O)O,8.2,2.65,4.36
[2H]CC(N=C(O)c1ccccc1)C(=O)O,5.96,1.53,9.01
[2H]C=NN1CCN(c2ccc(C)cc2)CC1,13.44,1.76,5.21
[2H]CC1N=C(S)N(c2ccccc2)C1=O,7.11,1.53,9.46
[2H]CC(C(=O)O)c1cccc2ccccc12,6.02,1.54,6.99
[2H]C(=O)Oc1ccc(C2CCCCC2)cc1,12.11,1.71,6.14
[2H]CC(N=C(O)C(F)(F)F)C(=O)O,5.99,1.53,6.96
[2H]OCC(=O)Nc1ccc(C(=O)O)cc1,3.82,1.35,10.91
[2H]C(O)=NCCc1c[nH]c2ccccc12,4.0,1.47,6.73
[2H]N=C(O)CCCCCCCC=CCCCCCCCC,6.79,1.7,16.59
[2H]C=NN=C(O)Cc1cccc2c1CCCC2,5.08,1.7,9.65
[2H]C=Nc1ccc(N=Nc2ccccc2)cc1,3.94,1.7,12.87
[2H]C(O)=Nc1cc(Cl)c(Cl)cc1Cl,3.95,1.84,8.45
[2H]C=NN=C(O)CCn1nnc2ccccc21,5.42,1.7,8.34
[2H]C(C)=NN=C(O)COc1ccccc1Cl,4.69,1.88,10.19
[2H]C(O)=NN=Cc1ccc(C(C)C)cc1,12.68,1.89,5.22
[2H]N=Nc1ccc(N=Nc2ccccc2)cc1,13.82,1.7,7.45
[2H]C=NN=C(O)CNc1ccc(OCC)cc1,4.85,1.64,12.13
[2H]CC(N=C(O)c1ccccc1)C(=N)O,6.06,1.53,8.26
[2H]C(=O)C=Cc1ccc(OC)c(OC)c1,5.65,1.39,10.44
[2H]C(O)=NN=Cc1ccc(N(C)C)cc1,12.74,1.7,5.24
[2H]C(C)=NN1CCN(c2ccccn2)CC1,4.51,1.99,10.67
[2H]C(=O)Oc1ccc(C(C)(C)C)cc1,3.54,1.7,9.02
[2H]C=NNC(=O)c1ccc(N(C)C)cc1,3.93,1.7,11.29
[2H]N1CCN(C(=O)OC(C)(C)C)CC1,9.78,1.5,6.4
[2H]CC1c2cc(OC)c(OC)cc2CCN1C,6.23,1.54,9.11
[2H]C1Oc2c(OC)cc(C=CC)cc2C1C,9.85,2.01,7.04
[2H]C(O)=NN=Cc1ccc(OCCCC)cc1,16.27,1.76,5.21
[2H]C=Nc1nc2cc(OC)c(OC)cc2s1,12.18,1.46,4.46
[2H]C=NNC(=O)c1ccc(OCC=C)cc1,6.8,1.7,12.91
[2H]N=Nc1ccc(OCCCCCCCCCC)cc1,17.67,1.68,12.04
[2H]C=NN=C(O)CN=C(O)c1ccccc1,6.35,1.7,11.8
[2H]C=NNC(=O)c1ccc(OCCCC)cc1,16.48,1.7,4.69
[2H]C(C)=NCCc1ccc(OC)c(OC)c1,4.69,2.06,11.36
[2H]C(O)=NN=C(O)Nc1ccc(F)cc1,11.1,1.7,4.57
[2H]C=NN=C(O)c1sc2ccccc2c1Cl,4.87,1.7,11.43
[2H]C(C)=NN1CCN(c2ccccc2)CC1,4.51,1.99,10.97
[2H]C(O)=NN=Cc1ccc(OCC=C)cc1,15.08,1.73,5.21
[2H]C(O)CNCCc1ccc(OC)c(OC)c1,11.05,1.73,9.98
[2H]C=NN=C(O)COc1cccc(Cl)c1Cl,4.83,1.7,10.25
[2H]C(C)=NN=C(O)COc1cccc(C)c1,4.69,1.91,10.98
[2H]C=NNC(=O)C(=O)Nc1ccccc1OC,6.46,1.68,11.76
[2H]C=NN1CCN(c2ccc(Cl)cc2)CC1,13.83,1.75,5.61
[2H]C=NN=C(O)CCc1c(C)n[nH]c1C,5.08,1.66,11.05
[2H]C(O)=NN=Cc1ccc(Cl)c(Cl)c1,12.01,1.8,5.2
[2H]OC1=NC(=O)C2C3C=CC(C3)C12,7.25,1.2,5.92
[2H]C(=NN=C(O)c1ccncc1)C(=O)O,4.92,1.7,8.95
[2H]C=NN=C(O)CN=C(O)c1ccccc1C,6.36,1.67,11.21
[2H]C=NN=C(O)COc1ccc2ccccc2c1,4.84,1.7,11.43
[2H]C=NN=C(O)COc1cccc2ccccc12,12.43,1.79,4.7
[2H]C=NN=C(O)COc1ccc(Cl)cc1Cl,4.84,1.7,11.51
[2H]C(=O)C=Cc1cc(OC)c(C)cc1OC,7.8,1.39,9.67
[2H]C=NN=C(O)COc1ccc(CCCC)cc1,4.84,1.64,16.34
[2H]C=NNC(=O)c1n[nH]c2c1CCCC2,11.11,1.64,7.18
[2H]C=NN=C(O)COc1ccc(C)c(C)c1,13.39,1.88,4.69
[2H]S(=O)(=O)NCc1ccc(Cl)cc1Cl,5.78,1.89,10.06
[2H]C=NN=C(O)CNC(O)=NCc1ccco1,4.85,1.64,9.08
[2H]C=NN=C(O)c1ccc(OC)c(OC)c1,5.68,1.68,11.32
[2H]CC(N=C(O)C(N)C(C)C)C(=O)O,6.91,1.54,7.82
[2H]C(O)=NC(OCCCC)C(Cl)(Cl)Cl,5.67,1.99,6.73
[2H]C(O)=NN=Cc1c[nH]c2ccccc12,10.98,1.7,7.45
[2H]C=NN=C(O)CNc1cccc2ccccc12,6.45,1.7,12.38
[2H]C(O)=NNC(O)=Nc1ccc(F)cc1F,6.37,1.46,6.83
[2H]CC1N=C(S)N(Cc2ccccc2)C1=O,4.13,1.53,7.03
[2H]CC(CS(=O)(=O)O)S(=O)(=O)O,7.21,1.54,5.36
[2H]CC(N=C(O)c1ccccc1)C(=O)OC,7.12,1.53,9.07
[2H]C(=O)c1ccccc1C(=O)OCCCCCC,6.37,1.7,9.8
[2H]C(N=C(O)OCc1ccccc1)C(=O)O,9.64,2.77,4.81
[2H]C(N=C(O)OC(C)(C)C)C(=O)OC,4.04,1.84,6.76
[2H]C=C1SC(=S)N(C2CCCCC2)C1=O,10.6,1.7,6.76
[2H]CCNC=C1C(=O)CC(C)(C)CC1=O,5.5,1.54,10.44
[2H]C=NN=C(O)c1ccc2nc[nH]c2c1,4.88,1.7,11.24
[2H]CN=C(O)CCCCCCCC=CCCCCCCCC,4.11,1.56,20.27
[2H]C(CCCCC)=NOC(O)=Nc1ccccc1,5.03,2.38,7.57
[2H]C(O)=NN=Cc1cc2ccccc2nc1Cl,12.67,1.71,6.53
[2H]C=Nc1ccc2c(c1)CCCN2C(C)=O,4.34,1.44,9.59
[2H]C=CC(=O)OCC1OC(OC)C(O)C1O,11.66,1.7,6.94
[2H]C=NN=C(O)CSc1nc2ccccc2n1C,8.48,1.67,11.19
[2H]C(C)=NNC(=O)c1cc(C)[nH]n1,4.63,1.88,9.71
[2H]CC(N=C(O)c1ccccc1)C(O)=NN,10.49,1.53,5.78
[2H]C(O)=NN=C1C(=O)Nc2ccccc21,8.3,1.7,8.19
[2H]C(O)=NN=C(O)Nc1ccc(SC)cc1,12.09,2.16,4.57
[2H]CC(N)C(O)=Nc1ccc2ccccc2c1,10.51,1.63,6.28
[2H]C=NN1CCN(Cc2ccc(C)cc2)CC1,12.85,1.76,5.44
[2H]C(=O)C=CNc1ccc(C(=O)O)cc1,4.2,1.39,11.09
[2H]C=NNc1ncnc2sc3c(c12)CCCC3,8.94,1.7,7.72
[2H]C(O)CNCCCCCCOCCCCc1ccccc1,10.22,1.9,9.28
[2H]C=NN=C(O)CN=C(O)CCCCCCCCC,9.01,1.68,11.72
[2H]C1CC(c2cccs2)=NN1C(=O)CCl,6.72,1.84,7.09
[2H]C(O)=NNC(O)=Nc1c(C)cccc1C,8.65,2.11,6.23
[2H]C=NN=C(O)c1ccc(Cl)c(Cl)c1,11.78,1.8,5.83
[2H]C(CC(=O)O)N=C(O)OC(C)(C)C,6.14,2.01,7.13
[2H]CC(N=C(O)OC(C)(C)C)C(=O)O,7.11,1.53,7.96
[2H]OC(S)=Nc1cc(Cl)c(Cl)cc1Cl,5.23,1.34,9.88
[2H]C=NNS(=O)(=O)c1ccc(Cl)cc1,3.94,1.63,6.86
[2H]C(CC)=NN1CCN(c2ccccc2)CC1,4.52,1.99,10.98
[2H]C=NNC(=O)C(=O)Nc1ccccc1Cl,5.71,1.7,11.75
[2H]C=CC(=NOCCN(C)C)c1ccccc1F,9.24,2.41,7.24
[2H]C(CC(=O)O)N1Cc2ccccc2C1=O,6.19,1.93,7.95
[2H]CC(N=C(O)CN)C(O)=NCC(=O)O,5.16,1.54,7.06
[2H]C=Nc1ccc(C(=O)OCCCCCC)cc1,3.91,1.46,16.24
[2H]N=C(O)CCCCCCCCCCCCCCCCCCC,4.61,1.7,7.73
[2H]C(CCCCCCCCCCC)=NNc1ccccc1,6.2,1.85,15.01
[2H]OC(=O)CC1SC(=NC)N=C1O,9.47,1.26,6.87
[2H]C=NN=C1N=C(O)C(CC(=O)O)S1,6.52,1.66,10.27
[2H]C=CC(=O)OCC(O)C(O)C(O)C=O,11.14,1.7,7.41
[2H]N=C(O)NCCCCCCCCCCCCCCCCCC,4.61,1.69,16.76
[2H]C=C1SC(=S)N(Cc2ccco2)C1=O,6.64,1.7,8.85
[2H]C=C1SC(=S)N(CCC(=O)O)C1=O,6.64,1.69,9.67
[2H]C(O)c1ccc(N(C)C)c2ccccc12,8.19,1.71,8.48
[2H]C=C1SC(=O)N(c2ccccc2)C1=O,10.44,1.7,5.98
[2H]N=C(O)Nc1ccc(C(=O)OCC)cc1,4.61,1.63,6.3
[2H]N=C(O)Nc1cccc(C(F)(F)F)c1,4.61,1.69,7.75
[2H]C=Nc1ccccc1C(O)=Nc1ccccc1,8.39,1.72,8.83
[2H]C=C1SC(=N)N(c2ccccc2)C1=O,6.49,1.65,9.55
[2H]C=C1C(=O)N(c2ccccc2)N=C1C,6.66,1.71,9.71
[2H]C=NN=C(O)CNc1ccc(Cl)cc1Br,6.46,1.64,13.24
[2H]C1CC(c2cccs2)=Nc2ccccc2S1,7.83,1.89,7.0
[2H]C=NNc1nc2ccccc2c(=O)n1CC=C,8.25,1.51,10.3
[2H]C=NN=C(O)CN=C(O)c1ccccc1Cl,6.59,1.67,11.09
[2H]C=NN=C(O)c1cc(Br)cc(Br)c1N,5.54,1.7,10.38
[2H]CC(N=C(O)OC(C)(C)C)C(=O)OC,6.28,1.53,8.12
[2H]C(O)=NN=Cc1ccc(N(CC)CC)cc1,12.67,1.72,6.15
[2H]C=NN=C(O)c1cc(Br)ccc1OCC=C,10.55,1.68,8.77
[2H]C=NN1CCN(Cc2ccc(Cl)cc2)CC1,4.64,1.61,10.31
[2H]C=NNC(=O)c1cc(C(C)C)[nH]n1,4.8,1.68,11.05
[2H]NC(=O)c1ccc(S(=O)(=O)F)cc1,9.93,1.66,4.68
[2H]CC(N=C(O)C(N)C(C)C)C(=O)OC,6.91,1.54,7.8
[2H]C=NN=C(O)C(C)Oc1ccc(Br)cc1,8.83,1.7,8.4
[2H]C(C)NCCC(c1ccccc1)c1ccccc1,6.17,1.97,10.96
[2H]C=NN=C(O)CCCCCCCCCCCCCCCCC,15.92,1.7,18.76
[2H]C=C1SC(=O)N(Cc2ccccc2)C1=O,8.97,1.7,7.38
[2H]C=NNC(=O)C(O)=Nc1ccc(F)cc1,6.31,1.67,8.61
[2H]C=NN=C(O)C(C)Oc1ccc(Cl)cc1,4.84,1.64,9.54
[2H]C=NN=C1N=C(O)C(c2ccccc2)S1,6.52,1.68,11.29
[2H]C=Nc1c(N)n(C)c(=O)n(C)c1=O,8.75,1.63,6.03
[2H]C=NNC(=O)C(O)=Nc1ccc(C)cc1,6.73,1.68,9.05
[2H]C=NN=C(O)COc1ccc(C(C)C)cc1,4.84,1.68,12.35
[2H]N=C(O)c1cccc(S(=O)(=O)F)c1,4.62,1.69,8.82
[2H]CC(N=C(O)OCc1ccccc1)C(=O)O,6.84,1.53,10.18
[2H]C(C)=NN=C(O)Cn1nnc2ccccc21,6.79,1.88,10.21
[2H]N=C(O)c1cc(OC)c(OC)c(OC)c1,4.6,1.67,8.81
[2H]C(=NCCCC(=O)O)c1ccc(Cl)cc1,6.2,1.82,7.26
[2H]C=NN=C(O)Cc1c[nH]c2ccccc12,8.52,1.7,7.54
[2H]C1CC(c2ccncc2)=NN1c1ccccc1,6.85,1.85,7.24
[2H]C=C1c2ccccc2C(=O)c2ccccc21,8.57,1.7,6.96
[2H]C(=O)C=Cc1ccc2c(c1)OCCCCO2,5.5,1.39,11.82
[2H]Nc1cc(C)nc2ccc(Cl)cc12,8.45,1.38,6.81
[2H]C=NN=C(O)CNC(O)=NCc1ccccc1,4.84,1.64,8.68
[2H]C(O)C(CO)Oc1ccc(CC=C)cc1OC,8.82,1.68,9.17
[2H]C(CCN(C(C)C)C(C)C)c1ccccc1,6.16,2.71,6.71
[2H]C=C(CCC(=O)O)c1nc2ccccc2s1,10.43,1.71,7.48
[2H]C=C1SC(=S)N(CCCC(=O)O)C1=O,6.63,1.7,7.74
[2H]OCC(O)CNCCc1ccc(OC)c(OC)c1,3.82,1.28,14.85
[2H]C=NN=C(O)Cn1c(C)nc2ccccc21,6.75,1.7,10.14
[2H]NC(=O)C(O)=NN=C(O)c1ccncc1,12.37,1.5,5.96
[2H]C=NN=C(O)COc1ccc(OCCCC)cc1,4.84,1.7,14.13
[2H]C1CC(c2cccnc2)=NN1c1ccccc1,6.77,1.85,7.37
[2H]C=NNC(=O)C(=O)Nc1cccc(C)c1,12.64,1.66,7.92
[2H]C=NN=C(O)C(C)Oc1cccc(Cl)c1,9.91,1.7,6.67
[2H]C(N=C(O)OCc1ccccc1)C(=O)OC,10.29,2.12,5.33
[2H]C(=O)C=Cc1cc(Cl)cc2c1OCOC2,7.01,1.39,9.07
[2H]C(O)=NN=C1C2CC3CC(C2)CC1C3,8.67,1.93,6.61
[2H]C=C1SC(=S)N(c2ccccc2C)C1=O,6.65,1.7,9.53
[2H]C1CC(=O)c2c(OC)cc(OC)cc2O1,4.13,1.83,8.87
[2H]C=NNC(=O)c1cc(C2CC2)[nH]n1,12.13,1.56,5.77
[2H]C(=O)C=Cc1cc(Br)cc2c1OCOC2,7.32,1.39,9.07
[2H]C(O)=NNC(O)=Nc1cccc(Cl)c1C,9.81,2.02,6.23
[2H]C=NNC(=O)c1cc(C)nc2ccccc12,10.8,1.7,6.59
[2H]C(CC)=NN1CCN(Cc2ccccc2)CC1,4.52,1.99,9.4
[2H]C1=CC(c2ccccc2)N2NC=NC2=N1,7.34,1.89,6.96
[2H]N=NC1C(=O)N(c2ccccc2)N=C1C,7.97,1.65,8.89
[2H]C=NN=C(O)CSc1nc2ccccc2n1CC,8.39,1.68,11.28
[2H]NC=C1SC(=S)N(C2CCCCC2)C1=O,6.47,1.48,10.05
[2H]C=C(N=C(O)c1ccccc1)C(O)=NN,7.02,1.7,7.81
[2H]N=C(O)C12CC3CC(CC(C3)C1)C2,4.6,1.58,7.49
[2H]C=CC(=O)c1c(OC)cc(OC)cc1OC,6.42,1.7,10.33
[2H]C=NN=c1[nH]nc(Cl)c2ccccc12,6.76,1.7,9.22
[2H]C=NN=C(O)COc1ccc(Cl)c(C)c1,4.84,1.7,11.51
[2H]C(C)=NN1CCN(c2ccccc2OC)CC1,4.51,1.98,10.91
[2H]C(O)=NN=C1CCC(C(C)(C)C)CC1,9.93,1.7,8.43
[2H]NC1=C(Cl)C(=O)c2ccccc2C1=O,6.56,1.79,8.3
[2H]C=NN=C(O)c1cccc(N=C(C)O)c1,4.87,1.66,9.23
[2H]C(O)=NN=C(C)Cn1nnc2ccccc21,7.26,1.7,8.77
[2H]C(C)=NN=C(O)COc1ccc(OC)cc1,4.7,1.88,11.26
[2H]C=Nc1c(N)c(=O)n(C)c(=O)n1C,5.37,1.7,8.03
[2H]CC(N=C(O)C(N)C(C)CC)C(=N)O,8.5,1.54,6.78
[2H]C1(C)CC(C)(C)c2ccc(C)cc2O1,4.41,2.7,7.83
[2H]CC(N=C(O)C(N)CC(C)C)C(=O)O,6.05,1.53,7.81
[2H]C(=O)C=Cc1cc(OC)c(OC)cc1OC,7.38,1.39,10.45
[2H]C1CCc2c(sc(N)c2C(=O)OCC)C1,4.11,1.89,9.46
[2H]C(C#N)OC1OC(CO)C(O)C(O)C1O,5.87,1.87,7.29
[2H]CC(N=C(O)c1ccccc1)C(=O)OCC,8.31,1.56,9.07
[2H]C=C1SC(=S)N(Cc2ccccc2)C1=O,6.64,1.7,9.53
[2H]C=C(C#N)C(O)=NC(C)c1ccccc1,6.46,1.67,9.83
[2H]C(C)=NNC(=O)c1n[nH]c2c1CCC2,4.64,1.91,10.18
[2H]C=NN=C(O)CN=C(O)CCCCCCCCCCC,4.85,1.64,17.03
[2H]N=C(O)Nc1cccc(S(=O)(=O)F)c1,4.62,1.7,8.11
[2H]OC1=NC(=O)c2cc(Cl)c(Cl)cc21,8.93,1.35,5.94
[2H]OC1=NC(=O)c2cc(C(=O)O)ccc21,9.36,1.35,6.33
[2H]C=NN=C(O)COc1cc(C)ccc1C(C)C,6.16,1.67,11.62
[2H]C=NN=C(O)COc1cc(C(C)C)ccc1C,12.62,2.17,6.49
[2H]C(O)=NNC(O)=Nc1ccc(Cl)cc1OC,9.84,1.7,6.34
[2H]C=NN=C(O)CSc1nc2ccccc2[nH]1,8.65,1.67,11.06
[2H]C(O)=NN=Cc1cc(Br)c(OC)cc1OC,12.65,1.94,7.33
[2H]C(O)=NNC(O)=Nc1cc(Cl)ccc1Cl,9.53,2.24,6.25
[2H]C=NN=C(O)CN=C(O)c1cccc(C)c1,6.34,1.68,11.84
[2H]NS(=O)(=O)c1ccc(N=C(C)O)cc1,9.69,0.95,7.22
[2H]C(C)=NN=C(O)CSc1nc2ccccc2s1,7.82,2.14,11.79
[2H]C=NN=C(O)C(C)Cn1cnc2ccccc21,4.85,1.64,11.59
[2H]C=NN=C(O)CCC(O)=Nc1ccccc1OC,9.94,1.7,8.88
[2H]C(CC)=NN=C(O)Cn1nnc2ccccc21,6.81,1.89,10.21
[2H]CNc1ccc(Cl)cc1C(=O)c1ccccc1,7.66,1.55,9.18
[2H]C(=O)C=CN1CC2CC1CN2c1ccccn1,5.39,1.39,10.3
[2H]C(=O)CCOC1OC(CO)C(O)C(O)C1O,9.22,1.7,6.28
[2H]C(O)=NN=Cc1c(OC)ccc2ccccc12,10.94,1.77,7.25
[2H]C(O)=NN=Cc1ccccc1OCc1ccccc1,10.56,1.66,10.67
[2H]C=NNC(=O)C(O)=Nc1ccc(Cl)cc1,3.93,1.61,6.81
[2H]C=NN=C(O)COc1c(C)cc(Br)cc1C,10.6,1.7,7.92
[2H]C(O)=Nc1sc(C)c(C)c1C(=O)OCC,3.96,1.7,7.85
[2H]C=C(C#N)C(=O)Nc1ccc(OCC)cc1,6.42,1.68,12.48
[2H]C(O)=NNC(O)=Nc1cc(Cl)ccc1OC,7.44,1.7,6.67
[2H]C(=O)OC1CC2CCC(C1C(=O)O)N2C,8.38,1.95,6.38
[2H]C(O)=NN=C(C)CC(O)=Nc1ccccc1,10.17,1.7,5.61
[2H]C1N=C(S)NC(C)=C1C(=O)OC(C)C,5.85,1.89,5.92
[2H]C1N=C(O)N(C)C(C)=C1C(=O)OCC,6.48,1.88,5.65
[2H]CC(N=C(O)OCc1ccccc1)C(=O)OC,8.26,1.53,8.8
[2H]C=NNS(=O)(=O)c1ccc(Cl)cc1Cl,3.94,1.63,6.94
[2H]CCNC=C1OC(=O)C(C)(C)C(=O)O1,4.14,1.55,10.27
[2H]C=C1C(O)=Nc2cc(OC)c(OC)cc21,6.37,1.65,9.53
[2H]C=NN=C(O)COc1ccc(CC=C)cc1OC,10.11,1.7,9.54
[2H]C=NN=C(O)CNC(=O)c1ccc(F)cc1,11.37,1.7,10.43
[2H]C(C)=NN1CCN(Cc2ccccc2Cl)CC1,4.51,1.99,10.46
[2H]C=NN=C(O)CNC(=O)c1ccc(C)cc1,6.69,1.64,13.22
[2H]C(C)=NN=C(O)CCn1nnc2ccccc21,5.27,1.89,8.32
[2H]C=NNC(=O)C(=O)Nc1cccc(OC)c1,4.75,1.7,11.75
[2H]C=NNC(=O)C(O)=Nc1ccc(Br)cc1,3.93,1.61,6.81
[2H]C=NNC(=O)C(O)=Nc1ccc(CC)cc1,3.93,1.7,6.81
[2H]C=C1SC(=S)N(C(C)C(=O)O)C1=O,6.65,1.65,7.5
[2H]C(O)=NNC(O)=Nc1cc(OC)ccc1OC,10.42,2.07,6.36
[2H]C(O)C(C)N1CCC(Cc2ccccc2)CC1,4.81,1.68,10.45
[2H]C=C1SC(=S)N(CCc2ccccc2)C1=O,8.41,1.7,8.47
[2H]C=NNC(=O)C(O)=Nc1ccc(OC)cc1,6.73,1.7,9.4
[2H]C(O)=NN=C1CCN(Cc2ccccc2)CC1,13.04,1.7,7.18
[2H]C=NN=C(O)C(O)C(O)C(O)C(O)CO,9.03,2.15,5.14
[2H]C(O)=NN=Cc1ccc(OCC(=O)O)cc1,14.82,1.71,5.21
[2H]NC=C1SC(=O)N(Cc2ccccc2)C1=O,9.06,1.42,9.23
[2H]C=NNc1nc(C)nc2sc3c(c12)CCC3,8.9,1.7,8.81
[2H]C1(C)CC(C)(C)c2ccc(CC)cc2O1,4.41,2.7,8.7
[2H]C(O)=NNC(O)=Nc1c(Cl)cccc1Cl,8.77,2.13,6.25
[2H]C=NN=C(O)COc1ccc2ccccc2c1Br,4.83,1.69,11.42
[2H]N=C(O)Nc1cc(C(F)(F)F)ccc1Cl,4.61,1.64,6.91
[2H]C1N=C(S)N(c2ccccc2)C(=O)N1C,9.57,1.87,6.14
[2H]C=NN=c1[nH]n2cnnc2c2ccccc12,7.64,1.7,9.19
[2H]C(=O)CN(Cc1ccccc1)Cc1ccccc1,6.3,2.3,7.82
[2H]CC(N=Cc1ccc2ccccc2c1)C(=O)O,6.05,1.53,10.39
[2H]C=NN=C(O)CNS(=O)(=O)c1ccccc1,4.85,1.7,9.26
[2H]C(C)=NN=C(O)CCc1c(C)n[nH]c1C,4.74,1.87,11.03
[2H]C=CC(=O)c1cc(OC)c(OC)c(OC)c1,8.2,1.65,10.07
[2H]C(=O)C=Cc1cc(OC)c(OC)c(OC)c1,7.76,1.39,10.54
[2H]C=NN=C(O)CN=C(O)c1cccc(Cl)c1,7.73,1.7,11.79
[2H]C=NN=C(O)CNC(=O)c1ccc(OC)cc1,6.32,1.64,14.1
[2H]C=NNC(=O)C(=O)Nc1cccc(Cl)c1C,12.64,1.7,8.14
[2H]C=NN=C(O)CN=C(O)c1cccc(Br)c1,8.02,1.7,11.91
[2H]C1C(C#N)=C(N)OC2=C1C(=O)CCC2,5.4,2.06,6.03
[2H]Nc1cc(C)c(C#N)c2nc3ccccc3n12,6.82,1.5,7.96
[2H]C(CC)=NN=C(O)CSc1nc2ccccc2s1,7.86,2.15,11.77
[2H]C(O)=NN=C1C(=O)N(C)c2ccccc21,9.24,1.7,8.19
[2H]C(O)=NCc1cccc(OCCc2ccccc2)c1,3.96,1.9,8.12
[2H]C(O)=NN=Cc1cccc(Oc2ccccc2)c1,10.55,1.66,10.2
[2H]C(C)=NNC(=O)c1n[nH]c2c1CCCC2,4.64,1.98,10.9
[2H]C=NNC(=O)C(O)=Nc1ccc(OCC)cc1,6.73,1.68,10.79
[2H]C=C1SC(=S)N(c2cccc(C)c2)C1=O,6.65,1.64,9.83
[2H]C=NN1CCN(Cc2cccc3ccccc23)CC1,4.64,1.68,9.96
[2H]N=C(S)NC(N=C(C)O)C(Cl)(Cl)Cl,8.26,3.12,4.88
[2H]C(=O)C=Cc1ccc(OCc2ccccc2)cc1,6.54,1.39,14.77
[2H]C(O)C(C)CN1CCC(Cc2ccccc2)CC1,5.72,1.69,12.36
[2H]C=NN=C(O)CCC(O)=Nc1cccc(C)c1,8.28,1.7,9.12
[2H]C=NN=C(O)CNC(=O)c1ccc(Cl)cc1,11.35,1.7,11.29
[2H]CNc1ccc(SCc2ccc(Cl)cc2Cl)cc1,10.79,1.7,7.44
[2H]C(O)=NN=CC1=C(Cl)c2ccccc2CC1,12.77,1.77,6.46
[2H]C=NN=C(O)C(C)Oc1ccc2ccccc2c1,9.8,1.7,8.48
[2H]OCCCCN1CCN(Cc2ccc(Cl)cc2)CC1,3.87,2.92,8.96
[2H]C=NN=C(O)CN=C(O)Nc1ccc(F)cc1,11.6,1.7,9.3
[2H]C=NNc1nc(C)nc2sc3c(c12)CCCC3,9.05,1.7,8.46
[2H]CCN=C(O)CCCCC1SCC2N=C(O)NC21,4.55,1.54,12.41
[2H]C1(C)CCN(CCC(O)C2CCCCC2)CC1C,9.38,2.77,9.57
[2H]N=C(O)COS(=O)(=O)c1ccc(C)cc1,4.64,1.5,7.66
[2H]C=Nc1nc2cc(OC)c(OC)c(OC)c2s1,4.21,1.67,10.8
[2H]C(CC1OC(=O)c2ccccc21)=NN(C)C,6.06,1.77,8.47
[2H]C1N=C(Nc2cccc(Cl)c2)NC(=N)N1,4.56,1.9,8.66
[2H]C=NN=C(O)c1sc2cc(OC)ccc2c1Cl,13.2,1.75,7.51
[2H]C=Nc1ccc(Cl)cc1C(=O)c1ccccc1,9.82,1.7,8.65
[2H]C1OC12C(O)=Nc1ccccc1C(=O)N2C,7.42,1.53,7.68
[2H]C(=O)C=Cc1c2ccccc2cc2ccccc12,6.63,1.82,9.27
[2H]C=NN=C(O)C(C)Oc1ccc(Cl)cc1Cl,10.22,1.7,7.74
[2H]C=NN=C(O)C(C)Oc1cccc2ccccc12,4.84,1.63,8.52
[2H]NS(=O)(=O)c1ccc(C(C)(C)C)cc1,9.3,1.47,7.82
[2H]NS(=O)(=O)c1ccc(NC(=O)CC)cc1,11.34,1.47,7.44
[2H]C=C1SC(=S)N(CCCCCC(=O)O)C1=O,6.64,1.68,9.49
[2H]C(=O)OC1CC2CCC(C1C(=O)OC)N2C,8.38,1.95,7.66
[2H]C(C)=NN1CCN(Cc2ccc(C)cc2)CC1,4.51,1.99,9.89
[2H]C(C)=NN=C(O)CSc1nc2ccccc2n1C,7.96,2.13,11.5
[2H]C(C)=NN=C(O)c1ccc2nc[nH]c2c1,4.73,1.85,11.23
[2H]C(O)=NNC(O)=Nc1ccccc1C(=O)OC,7.04,1.7,6.8
[2H]CN=Cc1ccc(OC)c(OCc2ccccc2)c1,10.16,1.55,11.83
[2H]C=NNc1nc(CC)nc2sc3c(c12)CCCC3,8.95,1.67,8.69
[2H]C=NNC(=O)C(=O)Nc1cccc2ccccc12,12.68,1.7,9.18
[2H]C=NN=C(O)c1cc(OC)c(OC)c(OC)c1,12.27,1.55,8.13
[2H]C=Nn1c(C)nc2sc3c(c2c1=O)CCCC3,11.59,2.26,5.75
[2H]C=NNC(=O)C(=O)Nc1cc(Cl)ccc1Cl,5.72,1.7,11.75
[2H]CC(N=C(O)C(N)Cc1ccccc1)C(=O)O,7.71,1.78,6.75
[2H]C=NN=C(O)CNC(=O)c1ccc(OCC)cc1,7.62,1.64,15.43
[2H]N=Nc1ccc2cc(S(=O)(=O)O)ccc2c1,12.15,1.82,5.16
[2H]C(c1ccccc1)(c1ccccc1)c1ccccc1,5.3,4.08,6.25
[2H]CC(C(=O)O)N1C(=O)c2ccccc2C1=O,10.03,1.53,5.38
[2H]C1C(C#N)=C(N)Oc2ccc3ccccc3c21,5.09,2.38,7.2
[2H]S(=O)(=O)N1CCCC1CCN1CCC(C)CC1,5.6,2.32,5.49
[2H]C=NN=C(O)CN=C(O)CCCCCCCCCCCCC,4.85,1.7,8.36
[2H]C=NN=C(O)CCC(O)=Nc1ccc(C)cc1C,8.02,1.7,10.31
[2H]CC(N=C(C)O)(C(=O)OCC)C(=O)OCC,8.12,1.53,7.21
[2H]C=NN=C(O)c1cc(C(C)(C)C)n[nH]1,4.88,1.68,10.37
[2H]CC(N=C(O)OCC(Cl)(Cl)Cl)C(=O)O,6.86,1.53,9.1
[2H]C=NNC(=O)C(=O)Nc1cccc(Cl)c1Cl,12.66,1.7,8.11
[2H]CC(NC(=O)c1ccc(Cl)cc1)C(=O)OC,6.96,1.53,10.31
[2H]C(C)=NNC(=O)c1cc(C(C)C)[nH]n1,4.64,2.1,11.01
[2H]C=NNC(=O)c1ccc(OCc2ccccc2)cc1,16.44,1.56,5.51
[2H]C=NN=C(O)CN=C(O)Nc1cccc(Cl)c1,9.54,1.79,7.25
[2H]C=NN=C(O)C1C(O)=NN=C1c1ccccc1,5.15,1.7,9.2
[2H]C(CC)=NN=C(O)CSc1nc2ccccc2n1C,7.98,2.15,11.49
[2H]S(=O)(=O)c1ccc(OCC(=O)OCC)cc1,4.94,1.92,11.67
[2H]CNc1ccccc1SCC(=O)Nc1ccc(C)cc1,9.43,2.11,7.14
[2H]C(C)=NNC(=O)c1cc(C2CC2)[nH]n1,4.63,1.89,11.06
[2H]N=C(S)NC(N=C(O)CC)C(Cl)(Cl)Cl,8.36,2.79,5.51
[2H]S(=O)(=O)c1ccc(OCc2ccccc2)cc1,6.81,1.92,12.63
[2H]C1N=C(O)NC2=C1C(=O)CC(C)(C)C2,6.59,1.66,7.09
[2H]C(O)=NN=Cc1cccc(OCc2ccccc2)c1,13.21,1.7,10.89
[2H]C=NN=C(S)NN=C1C(=O)Nc2ccccc21,12.91,1.7,5.5
[2H]C1Oc2ccccc2C2CC(c3cccs3)=NN12,7.99,1.89,9.22
[2H]C=NN=C(O)CCC(O)=Nc1cccc(Cl)c1,8.08,1.7,9.25
[2H]C=NN=C(O)CN1CCN(Cc2ccccc2)CC1,5.32,1.69,14.74
[2H]C(O)=NN=Cc1ccc(OCc2ccccc2)cc1,16.85,1.76,5.21
[2H]C=C1SC(=S)N(c2ccc(Cl)cc2)C1=O,11.9,1.7,6.77
[2H]C=NN=C(O)CCC(=O)Nc1ccc(Br)cc1,8.8,1.59,13.33
[2H]C1Oc2ccccc2C2CC(c3ccco3)=NN12,9.29,1.78,7.01
[2H]CC1C(=O)OCC1Cc1ccc(OC)c(OC)c1,4.43,1.54,11.59
[2H]C(=O)c1cc(C#N)c(=O)n(CCCOC)c1,8.37,1.38,9.06
[2H]C(O)C(C)N1CCC(O)(c2ccccc2)CC1,12.23,1.67,4.88
[2H]C=C1SC(=S)N(C(CCC)C(=O)O)C1=O,6.65,1.65,8.71
[2H]C(O)=NN=Cc1c2ccccc2cc2ccccc12,10.8,1.87,7.52
[2H]C1(C)CC(C)(C)c2cc(C)c(C)cc2O1,4.41,2.71,8.11
[2H]N=C(O)CCCC=CCC=CCC=CCC=CCCCCC,4.61,1.97,7.15
[2H]CC(N)C(O)=NC(Cc1ccccc1)C(=O)O,7.28,1.74,7.02
[2H]C(O)C(C)Oc1c(OC)cc(CC=C)cc1OC,8.14,1.68,9.93
[2H]N=Nc1ccc(NCCN(CC)CC)c2ccccc12,12.68,1.63,7.57
[2H]C(O)=NNC(O)=Nc1ccc(Cl)c(Cl)c1,9.97,1.89,6.23
[2H]C(C)=NN1CCN(Cc2ccc(Cl)cc2)CC1,4.51,1.99,10.08
[2H]NS(=O)(=O)c1ccc(NC(=O)CCC)cc1,12.42,1.47,8.63
[2H]C(CC)=NN1CCN(c2ccc(Cl)cc2)CC1,4.52,1.99,12.4
[2H]C=NNC(=O)c1ccc(NC(O)=NCCC)cc1,12.75,1.7,8.49
[2H]C(O)=NN=Cc1ccc2c3c(cccc13)CC2,11.65,1.7,7.64
[2H]C(O)=NNC(O)=Nc1ccccc1C(F)(F)F,8.73,2.03,6.24
[2H]C1C(C#N)=C(N)Oc2n[nH]c(CC)c21,5.02,2.12,5.45
[2H]C(C)=NN=C(O)CSc1nc2ccccc2[nH]1,9.11,1.85,11.41
[2H]C=NN=C(O)CSc1nnc(SCc2ccccc2)s1,4.84,1.8,7.32
[2H]NS(=O)(=O)c1ccc(S(=O)(=O)F)cc1,7.77,1.5,8.17
[2H]C=NNC(=O)c1ccc(NC(O)=NCC=C)cc1,4.45,1.68,12.31
[2H]C(CC)=NN=C(O)CSc1nc2ccccc2n1CC,7.88,2.15,11.58
[2H]C1C(C#N)=C(N)Oc2n[nH]c(CCC)c21,5.03,3.1,6.16
[2H]C(=O)C=Cc1cc(C(=O)O)cc2c1OCOC2,7.21,1.39,9.08
[2H]C=NN=C(O)CNC(=O)c1ccc(OCCC)cc1,13.21,1.69,13.72
[2H]C=NN=C(O)CN=C(O)c1cccc2ccccc12,11.5,1.7,6.59
[2H]C=C1SC(=S)N(C(CCSC)C(=O)O)C1=O,6.65,1.65,10.67
[2H]C=NCC(F)(F)C(F)(F)C(F)(F)C(F)F,7.66,1.65,6.48
[2H]C=C1SC(=S)N(c2ccc(OCC)cc2)C1=O,13.66,1.54,6.77
[2H]CCc1nnc2n1N=C(c1ccc(Cl)cc1)CS2,8.69,1.67,10.49
[2H]C=NN=C(O)CCn1c2ccccc2c2ccccc21,12.87,1.79,5.75
[2H]C1C(C#N)=C(N)OC2=C1CCC(C)(C)C2,5.45,2.06,7.33
[2H]C=Nc1ccc(S(=O)(=O)Nc2nccs2)cc1,3.91,1.68,10.21
[2H]N=C(S)NC(N=C(O)CCC)C(Cl)(Cl)Cl,8.18,2.98,6.34
[2H]C=NNC(=O)C(=O)Nc1ccc(C)c(Cl)c1,4.75,1.69,12.9
[2H]N=Nc1ccc(N=Nc2ccccc2)c2ccccc12,14.31,1.7,7.51
[2H]CC(CO)N=C(O)CCCCCCCC=CCCCCCCCC,5.96,1.54,19.77
[2H]C1CC(c2cccs2)=NN1C(=O)CN1CCCC1,6.68,1.84,9.18
[2H]CCc1nnc2n1N=C(c1ccc(OC)cc1)CS2,4.14,1.54,7.01
[2H]C=Nn1c(=O)c(C(C)(C)C)nn2cnnc12,10.12,2.71,6.56
[2H]C=NN=C(O)C(Oc1ccccc1)Oc1ccccc1,4.83,1.67,11.59
[2H]C=NN=C(O)CCC(=O)Nc1ccc(OCC)cc1,11.86,1.64,11.99
[2H]CC(N=C(C)O)C(O)=NC(CCSC)C(=N)O,9.97,1.53,6.78
[2H]C1C(C#N)=C(N)Oc2cc(C)oc(=O)c21,5.05,1.99,7.14
[2H]C=NN=C(O)C(C)Sc1nc2ccccc2[nH]1,4.85,1.64,12.84
[2H]C=NN=C(O)c1cc(C)nc2ccc(Br)cc12,10.91,1.89,7.15
[2H]CN=C(O)CCCC=CCC=CCC=CCC=CCCCCC,7.63,1.86,16.21
[2H]C(C)=NN=C(O)COc1ccc2c(c1)CCCC2,4.69,1.9,13.87
[2H]CNc1ncnc2c1ncn2C1OC(CO)C(O)C1O,9.63,1.53,9.98
[2H]C(C(C)=O)C(CC)c1cccc(C(=O)O)c1,8.67,3.06,5.69
[2H]C(=O)C(CCc1cccc(OC)c1)c1ccccc1,6.45,2.09,9.26
[2H]C=NC(Cc1c[nH]c2ccccc12)C(=O)OC,7.99,2.31,9.51
[2H]OCC1CN(CCc2ccc(OC)c(OC)c2)CCO1,6.57,1.32,15.15
[2H]OCC1CN(C(=O)OC(C)(C)C)CC(O)=N1,3.8,1.28,11.03
[2H]C1CC(c2cccs2)=NN1C(=O)CN(CC)CC,6.7,1.84,8.5
[2H]C=Nn1c(S)nnc1Cc1c[nH]c2ccccc12,6.76,1.7,7.54
[2H]Nc1ccc(N)c2cc(S(=O)(=O)O)ccc12,10.14,1.48,6.98
[2H]N(c1cccnc1N)S(=O)(=O)c1ccc(OC)cc1,9.49,3.17,6.01
[2H]C=NNc1cc(C)c(C#N)c2nc3ccccc3n12,10.79,1.66,8.5
[2H]C=NNC(=O)C(=O)Nc1ccc(Cl)c(Cl)c1,14.09,1.67,6.76
[2H]C=NN=C(O)CNC(=O)c1ccc(OCCCC)cc1,8.42,1.64,17.85
[2H]C=NN=C(O)c1ccccc1OCc1ccc(Cl)cc1,4.88,1.7,9.41
[2H]C1CC(c2cccs2)=NN1C(=O)CN1CCOCC1,7.47,1.84,7.21
[2H]C=C1SC(=S)N(C(C(=O)O)C(C)C)C1=O,9.37,1.7,6.77
[2H]C(C)=NN1CCN(Cc2cccc3ccccc23)CC1,4.51,1.99,9.84
[2H]C=NN=C(O)COc1ccc(OCc2ccccc2)cc1,18.76,1.98,4.69
[2H]C1CC(c2cccs2)=NN1C(=O)CN1CCCCC1,6.73,1.84,9.49
[2H]C=NN=C(O)CN1CCN(Cc2ccccc2Cl)CC1,5.33,1.7,14.91
[2H]C=NN=C1N=C(O)C(Cc2ccc(OC)cc2)S1,6.52,1.67,13.07
[2H]C=C1SC(=S)N(N=C(O)c2ccccc2)C1=O,6.64,1.68,11.75
[2H]C=NN=C(O)c1ccccc1N=C(O)c1ccccc1,4.88,1.7,9.27
[2H]C1CC(c2cccs2)=NN1C(=O)CN1CCSCC1,6.72,1.84,9.38
[2H]CC(N=C(C)O)C(O)=NCC(O)=NCC(=N)O,7.23,1.54,7.95
[2H]C=NN=C(O)CN=C(O)c1sc2ccccc2c1Cl,10.77,1.7,11.76
[2H]C(=O)CC(=O)CCC(O)=Nc1c(C)cccc1C,4.21,1.7,10.71
[2H]N=Nc1ccc(S(=O)(=O)Nc2ccccn2)cc1,10.23,1.7,6.84
[2H]C=NN=C(O)CN=C(O)Nc1cccc(Cl)c1Cl,11.38,1.7,10.71
[2H]N=Nc1cc(C(F)(F)F)cc(C(F)(F)F)c1,8.99,2.01,6.68
[2H]C(=O)CC(=O)CCC(O)=Nc1cc(C)ccc1C,6.16,1.82,9.03
[2H]C1=NN(c2ccccc2)C(c2ccc(F)cc2)C1,8.65,2.14,6.3
[2H]C(CCCCCCCCCCC)=NOC(O)=Nc1ccccc1,5.13,2.22,12.7
[2H]CN(C)C(=O)C(=O)c1c[nH]c2ccccc12,4.9,1.53,9.47
[2H]C=NNC(=O)c1ccn(Cc2ccc(Br)cc2)n1,12.86,1.7,7.9
[2H]C=Nc1cc(C(F)(F)F)cc(C(F)(F)F)c1,9.03,1.7,5.94
[2H]NCC(O)Cn1cnc2cc(Cl)c(Cl)cc2c1=O,13.83,1.5,5.35
[2H]C(O)=NNC(O)=Nc1cc(Cl)c(Cl)cc1Cl,9.96,2.24,6.25
[2H]C=NN=C(O)c1cc(Br)ccc1OCc1ccccc1,10.28,2.26,7.81
[2H]NS(=O)(=O)c1ccc(NC(=O)CCCCC)cc1,6.19,0.95,15.34
[2H]C=C1C(=O)N(c2ccc(C)c(C)c2)N=C1O,7.06,1.68,10.64
[2H]C=C(N=C(O)c1ccccc1)C(O)=NC(C)CC,10.67,1.7,6.81
[2H]C=NN=C(O)CCC(=O)Nc1ccc(C)c(C)c1,11.17,1.64,10.64
[2H]C=NN=C(O)CCC(O)=Nc1cccc2ccccc12,6.97,1.7,11.76
[2H]C=NN=C(O)C(C)N=c1[nH]c2ccccc2s1,8.37,1.7,11.22
[2H]C=NN=C1N=C(O)C(Cc2ccc(Cl)cc2)S1,6.52,1.67,13.17
[2H]C=NN=C(O)C(O)(c1ccccc1)c1ccccc1,9.37,2.53,7.25
[2H]C=Nc1sc(C(=O)OCC)c(C)c1C(=O)OCC,9.74,1.65,7.46
[2H]C1C(C(=O)OC)=C(C)NC(C)=C1C(=O)OC,5.54,3.43,5.59
[2H]C=NN=C(O)CN=C(O)c1ccc(Cl)c(Cl)c1,7.76,1.7,13.2
[2H]C=NNC(=O)c1ccc(OCc2ccc(C)cc2)cc1,3.93,1.69,16.2
[2H]C(=O)CCc1cc(OCc2ccccc2)c(OC)cc1C,9.7,1.98,11.84
[2H]CC(N=C(O)CCC)C(O)=NCCCCNCCCNCCCN,7.01,1.54,7.94
[2H]C(O)=NN=Cc1ccc(OC(=O)c2cccs2)cc1,16.57,1.67,5.37
[2H]NS(=O)(=O)c1ccc(NC(=O)CC(C)C)cc1,12.41,1.48,8.98
[2H]C(O)=NN=Cc1ccc(OCc2ccc(C)cc2)cc1,17.89,1.82,5.22
[2H]N=C(S)NC(N=C(O)C(C)C)C(Cl)(Cl)Cl,8.17,2.97,6.12
[2H]SCCC(F)(F)C(F)(F)C(F)(F)C(F)(F)F,5.03,1.45,10.01
[2H]CNC(C(=O)N1CCCC1C(O)=NCCCC)C(C)C,10.22,1.79,11.27
[2H]C=NN=C(O)CCn1c2c(c3ccccc31)CCCC2,4.85,1.68,11.32
[2H]C12CCCCC1C1(CCCCC1)c1ccc(C)cc1O2,6.16,2.91,7.85
[2H]CC(N=C(O)CCC)C(O)=NCCCNCCCCNCCCN,9.42,2.2,8.13
[2H]C(C)=NN=C(O)c1cc(C(C)(C)C)n[nH]1,4.73,2.12,10.24
[2H]N(Cc1ccccc1)S(=O)(=O)c1ccc(C)cc1,8.11,3.0,6.76
[2H]C=NN=C(O)CN=C(O)c1ccc(OC)c(OC)c1,11.39,1.7,10.84
[2H]C1CC(=O)c2cc(CC=C(C)C)c(OC)cc2O1,4.13,1.85,10.69
[2H]C1OC(c2ccccc2Cl)OCC1CC=CCCC(=O)O,8.0,3.04,7.67
[2H]C(C)=NN=C(O)CN1CCN(Cc2ccccc2)CC1,4.97,1.88,14.67
[2H]CNc1ccc(SCC(=O)Nc2ccc(OC)cc2)cc1,7.26,1.64,11.23
[2H]C(=O)c1c(C(=O)OC)nc(S)nc1C(=O)OC,7.6,2.34,7.0
[2H]C1=NN(c2ccccc2)C(c2ccc(Cl)cc2)C1,9.15,2.14,6.98
[2H]N=C(O)CCN1C(=O)C(=Cc2cccs2)SC1=S,4.62,1.68,11.87
[2H]C=NN1CCN(C(c2ccccc2)c2ccccc2)CC1,4.63,1.62,11.35
[2H]C(O)=NN=C1C(=O)N(C)c2ccc(Br)cc21,9.23,1.7,8.56
[2H]C=C1SC(=S)N(N=C(O)c2ccccc2C)C1=O,6.64,1.68,11.62
[2H]C1N=C(O)NC(C)=C1C(O)=Nc1ccccc1OC,5.98,1.66,8.45
[2H]C=C1SC(=S)N(C2CCS(=O)(=O)C2)C1=O,10.11,1.7,6.77
[2H]CC(N)C(O)=Nc1ccc2c(C)cc(=O)oc2c1,10.82,1.76,6.56
[2H]C=NNC(=O)c1ccc(NC(=O)N(CC)CC)cc1,6.8,1.7,13.79
[2H]C(=O)C=Cc1ccc(OCc2ccccc2)c(OC)c1,7.77,1.39,14.1
[2H]C(=C(CC)c1ccccc1)c1ccc(OCCNC)cc1,7.95,2.58,10.53
[2H]CCC(=O)c1cc(OCc2ccccc2)c(OC)cc1C,9.83,1.54,11.51
[2H]C(C)=NN=C(O)CSc1nnc(SCc2ccccc2)s1,4.69,1.79,7.33
[2H]C(CC)=NN=C(O)CN1CCN(Cc2ccccc2)CC1,4.98,1.89,14.68
[2H]C1Oc2ccc(Cl)cc2C2CC(c3ccco3)=NN12,9.29,1.78,8.45
[2H]N=C(O)c1cccc(OCCCCCCCCCCCCCCCC)c1,4.6,1.7,20.79
[2H]C=NNC(=O)C(O)=Nc1sc2c(c1C#N)CCCC2,4.76,1.68,11.44
[2H]N=C(S)NC(N=C(O)CC(C)C)C(Cl)(Cl)Cl,8.18,2.9,7.42
[2H]C(O)=NN=Cc1cccc(OCc2ccc(Cl)cc2)c1,13.34,1.7,12.32
[2H]C(O)=NN=Cc1ccc(OCc2ccccc2)c(OC)c1,16.78,1.92,5.63
[2H]C(O)=NNC(O)=Nc1cc(OC)c(OC)c(OC)c1,10.3,2.02,6.22
[2H]C=NC(C(=O)N1CCCC1C(O)=NCCCC)C(C)C,4.72,1.7,7.22
[2H]N=C(O)CCCN1C(=O)C(=Cc2cccs2)SC1=S,4.62,1.39,7.68
[2H]C1Oc2ccccc2C2CC(c3ccc(F)cc3)=NN12,10.43,1.78,7.0
[2H]N=c1c2ccc(Cl)cc2[nH]c2ccc(OC)cc12,8.25,1.85,8.17
[2H]C=NN=C(O)CSc1nnc(SCc2ccc(C)cc2)s1,8.1,1.86,7.56
[2H]C(N=C(O)N1CCN(CC)C(=O)C1=O)C(=O)O,7.67,1.88,10.05
[2H]C=NN=C(O)c1ccccc1N=C(O)c1ccccc1Cl,4.88,1.59,9.35
[2H]C=C1SC(=S)N(N=C(O)c2ccccc2Cl)C1=O,6.64,1.68,11.8
[2H]C1Oc2ccc(Br)cc2C2CC(c3ccco3)=NN12,9.71,1.89,8.67
[2H]N=C(O)N=C(O)C(=Cc1ccccc1)c1ccccc1,12.78,1.91,6.92
[2H]N=C(S)NC(N=C(O)CCCCCC)C(Cl)(Cl)Cl,8.18,2.98,9.39
[2H]C1Oc2ccccc2C2CC(c3ccc(C)cc3)=NN12,7.99,1.89,10.53
[2H]C(O)=NN=Cc1ccc(OC(=O)c2ccccc2)cc1,16.89,1.71,5.53
[2H]C=Nc1ccccc1SCC(=O)Nc1ccc(CCCC)cc1,10.2,1.7,10.04
[2H]C=NNc1nc2c(c(=O)n(C)c(=O)n2C)n1CC,9.83,1.57,9.11
[2H]C=NN=C(O)CSc1nc2ccccc2n1Cc1ccccc1,9.43,1.7,8.64
[2H]C=NNC(=O)c1ccc(OCc2ccc(Cl)cc2)cc1,17.82,1.7,6.3
[2H]C=C1SC(=Nc2ccccc2)N(c2ccccc2)C1=O,10.77,1.53,9.55
[2H]N=C1N=C(O)C(=C2C(O)=Nc3ccccc32)S1,10.68,1.7,8.33
[2H]C(O)=NN=Cc1ccc(OCc2ccc(Cl)cc2)cc1,18.29,1.75,5.22
[2H]C(C)=NN=C(O)CCn1c2ccccc2c2ccccc21,4.7,2.52,11.09
[2H]C1Oc2ccc(Cl)cc2C2CC(c3cccs3)=NN12,9.42,1.81,9.22
[2H]C1Oc2ccc(Br)cc2C2CC(c3cccs3)=NN12,9.71,1.81,9.22
[2H]C=Nc1ccc(SCC(=O)Nc2ccc(Br)cc2)cc1,4.85,1.7,11.89
[2H]CC(N=C(O)C(CC(C)C)N=C(O)CN)C(=O)O,8.74,1.53,7.65
[2H]C(O)C(=NN)c1nc2ccc(Cl)cc2nc1O,11.21,1.88,7.16
[2H]CC(N=C(O)OC(C)(C)C)C(=O)OC(C)(C)C,7.13,1.54,7.96
[2H]C1C(C(=O)OCC)=C(C)NC2=C1C(=O)CCC2,5.7,2.98,6.03
[2H]C=C1SC(=S)N(CCCCCCCCCCC(=O)O)C1=O,10.51,1.7,7.77
[2H]C(O)=NNC(O)=Nc1ccc(Cl)cc1C(F)(F)F,10.03,2.01,6.24
[2H]C=Nc1ccc2nc(SCC(=O)N3CCOCC3)sc2c1,14.5,2.05,5.68
[2H]C(=O)C1c2ccccc2C(=O)N1c1ccc(C)cc1,4.48,2.21,8.5
[2H]OC1=Nc2ccccc2C1=C1SC(=S)N=C1O,10.09,1.7,7.82
[2H]CC(N=C(O)CN=C(O)OCc1ccccc1)C(=O)O,9.34,1.53,7.38
[2H]C1C(C(=O)OCC)=C(N)OC2=C1C(=O)CCC2,5.34,3.24,6.55
[2H]C=C1SC(=S)N(CCCCCC(=O)OC(C)C)C1=O,6.63,1.7,9.92
[2H]C=NN=C(O)CN=C(O)Nc1ccc(Cl)c(Cl)c1,10.58,1.7,6.27
[2H]CC(N=C(O)OCc1ccccc1)C(O)=NCC(=O)O,6.88,1.66,8.72
[2H]C(=O)c1cc(C(=O)OCC)c2c3ccccc3ccn12,9.66,1.7,8.21
[2H]C=C(C(=O)c1ccc(C)cc1)c1nc2ccccc2o1,10.07,1.7,9.38
[2H]C1C(C(=O)OCC)=C(C)NC(C)=C1C(=O)OCC,5.54,4.49,6.13
[2H]C=NNc1nc2c(c(=O)n(C)c(=O)n2C)n1CCC,9.86,1.57,9.1
[2H]C=NN=C(O)CSc1nnc(SCc2ccc(Cl)cc2)s1,4.84,1.7,12.95
[2H]N=c1[nH]c(=NCC2CCCO2)c2ccccc2[nH]1,8.01,1.7,7.27
[2H]NC(=O)C(O)=NN=C1C(=O)Nc2ccc(C)cc21,8.11,1.42,10.7
[2H]C(O)=NN=Cc1c(N2CCCC2)nc2ccccn2c1=O,12.16,2.03,6.71
[2H]C1C(C#N)=C(C)NC2=C1C(=O)CC(C)(C)C2,5.44,2.2,7.38
[2H]C1Oc2ccccc2C2CC(c3ccc(Cl)cc3)=NN12,11.26,1.78,7.01
[2H]C=NN=C(O)C(C)Oc1ccc(OCc2ccccc2)cc1,10.08,1.7,12.97
[2H]C=Nc1ccc2nc(SCC(=O)OCCCCCCCC)sc2c1,8.89,1.7,12.29
[2H]C(O)=NN=Cc1ccc(OC(=O)c2ccccc2C)cc1,16.83,1.93,6.5
[2H]C(c1cccs1)N1CCN(C(=O)OC(C)(C)C)CC1,5.36,1.96,10.49
[2H]C(O)=NN=Cc1ccc(OC(=O)c2ccccc2F)cc1,16.93,1.7,5.53
[2H]C1=Nn2c(COc3ccc4c(c3)CCCC4)nnc2SC1,7.19,2.44,11.72
[2H]C=NNC(=O)c1ccc(NC(O)=NCc2ccco2)cc1,7.07,1.68,12.09
[2H]C(C)N=C(O)c1ccc(Cl)c(S(N)(=O)=O)c1,5.63,1.92,10.12
[2H]C1Oc2ccccc2C2CC(c3ccc(OC)cc3)=NN12,7.99,1.89,11.21
[2H]C1C(C#N)=C(N)OC2=C1C(=O)CC(C)(C)C2,5.34,2.13,7.37
[2H]C1Oc2ccc(Br)cc2C2CC(c3ccccc3)=NN12,9.85,1.78,8.75
[2H]C(C)=NN=C(O)CN1CCN(Cc2ccccc2Cl)CC1,4.97,1.88,14.86
[2H]CNc1ccc(SCC(=O)Nc2ccc(CCCC)cc2)cc1,6.77,1.79,13.0
[2H]C(CC1(O)C(O)=Nc2ccccc21)=NNC(O)=NN,4.89,1.79,7.36
[2H]C=C1N=C(c2cc(OC)c(OC)c(OC)c2)OC1=O,11.31,1.7,9.53
[2H]N=C(S)NC(NC(=O)c1ccco1)C(Cl)(Cl)Cl,8.78,2.95,7.65
[2H]NS(=O)(=O)c1ccc(NC(=O)CCCCCCCC)cc1,6.21,1.5,19.11
[2H]C(O)=Nc1cc(C(F)(F)F)cc(C(F)(F)F)c1,4.9,1.83,8.34
[2H]NS(=O)(=O)c1ccc(NC(=O)C(C)(C)C)cc1,11.46,1.5,8.65
[2H]CNc1[nH]c(=NC(CC)CO)nc2c1ncn2C(C)C,5.71,1.54,10.07
[2H]CCNC=C(C(=O)c1ccccc1)C(=O)c1ccccc1,12.36,1.91,7.21
[2H]C(O)=NN=Cc1cc(Br)ccc1OC(=O)c1ccccc1,10.68,1.95,10.82
[2H]C(O)=NN=Cc1ccccc1OC(=O)c1ccc(Cl)cc1,10.56,1.67,12.01
[2H]C(=O)C=CC(=O)N(CCOC)CC(O)=NC1CCCCC1,4.52,1.38,10.62
[2H]C=Nc1ccc(SCC(=O)Nc2ccc(C)c(C)c2)cc1,10.81,1.7,10.67
[2H]C(=O)CSc1nc2c(c(=O)n(C)c(=O)n2C)n1C,4.23,1.88,7.79
[2H]C(O)=NN=Cc1ccc(OC(=O)c2ccccc2Br)cc1,16.94,1.7,5.54
[2H]C(O)=NN=C(O)C=Cc1cc(OC)c(OC)c(OC)c1,14.67,1.78,8.39
[2H]C=NN=C(O)CSc1nc2ccccc2n1Cc1ccccc1Cl,9.1,1.68,10.86
[2H]C=NNC(=O)c1ccc(NC(O)=Nc2ccccc2F)cc1,13.0,1.7,8.34
[2H]C1C(C#N)=C(N)Oc2n[nH]c(C(C)(C)C)c21,5.0,2.78,6.61
[2H]CC(N=C(O)C(Cc1ccccc1)N=C(C)O)C(=N)O,6.07,1.53,10.96
[2H]C(C)=NN=C(O)CCn1c2c(c3ccccc31)CCCC2,4.7,2.52,11.18
[2H]C=NN=C(O)Cn1cnc2c1c(=O)n(C)c(=O)n2C,4.84,1.62,9.74
[2H]C=C(NC(=O)c1ccc(C(C)(C)C)cc1)C(=O)O,13.07,1.72,5.46
[2H]C(c1ccccc1)N1CCN(C(=O)OC(C)(C)C)CC1,5.9,1.94,10.49
[2H]C(O)=NN=Cc1ccc(OC(=O)c2ccccc2Cl)cc1,16.97,1.81,5.35
[2H]C(O)=NN=Cc1ccc(OCC(O)=Nc2ccccc2)cc1,15.44,1.85,6.94
[2H]C(c1ccco1)N1CCC(N=C(O)OC(C)(C)C)CC1,5.0,1.96,10.94
[2H]C(c1cccs1)N1CCC(N=C(O)OC(C)(C)C)CC1,5.35,1.98,10.91
[2H]c1cccc(F)c1,6.37,1.7,3.72
[2H]CCCSC(C)=O,4.15,1.55,7.79
[2H]N(C)C(=O)C=CC(=O)O,4.64,1.83,7.68
[2H]N(CC(O)CO)C(=O)OC,4.59,1.6,5.84
[2H]CC(C)C(C)Cc1ccc2c(c1)OCO2,10.35,1.56,5.64
[2H]CC(NC(C)=O)C(=O)NC(C)C(=O)NC(C)C(N)=O,7.55,1.53,8.08
[2H]CC(=O)NC1C(=O)N2C1SC(C)(C)C2C(=O)OC,8.86,1.54,9.98
[2H]CC(NC(C)=O)C(=O)NC(Cc1ccccc1)C(N)=O,8.05,1.54,8.8
[2H]CC(NC(=O)OC(C)(C)C)C(=O)NNC(=O)c1ccncc1,11.58,1.54,8.87
[2H]SCC(NC(=O)CCC(N)C(=O)O)C(=O)NCC(=O)O,5.09,1.45,9.82
[2H]CC(NC(=O)OC(C)(C)C)C(=O)NCC(=O)NNC(=O)c1ccncc1,10.49,1.53,10.75
[2H]C=CC(=O)OCC(O)C(O)C(C=O)OC1OCC(O)C(O)C1O,12.01,1.7,10.86
[2H]C=CC(=O)OC1C(OCC(O)C(O)C(O)C=O)OC(CO)C1O,10.77,1.69,12.34
[2H]CC(=O)NC1C(=O)N2C1SC(C)(C)C2C(=O)OCOC(=O)C(C)(C)C,8.9,1.54,14.26
[2H]CC(NC(=O)OC(C)(C)C)C(=O)NC(C(=O)NNC(=O)c1ccncc1)C(C)C,5.65,1.53,9.26
[2H]CC(NC(=O)OC(C)(C)C)C(=O)NC(C(=O)NNC(=O)c1ccncc1)C(C)CC,5.18,1.53,9.66
[2H]CC(NC(=O)OC(C)(C)C)C(=O)NC(CC(C)C)C(=O)NNC(=O)c1ccncc1,10.29,1.53,10.65
[2H]N=CO,4.64,1.7,3.12
[2H]NCCO,3.98,1.33,4.27
[2H]C(O)CNCC,7.13,1.73,4.59
[2H]C1CCCCC1O,6.19,1.91,3.8
[2H]OC(C)(C)C,4.83,1.3,4.38
[2H]C(=O)OCC=C,6.45,1.36,4.14
[2H]N=Nc1ccccn1,3.57,1.7,6.63
[2H]N=Nc1ccncc1,7.63,1.7,5.0
[2H]C1CCC(O)CC1,6.86,1.92,3.51
[2H]C1CCC(CC)CC1,4.48,1.91,7.4
[2H]C(=O)OC(C)CC,5.99,1.93,5.66
[2H]C1(C)CCNCC1C,4.07,2.78,4.52
[2H]C1CCC(CCC)CC1,4.49,1.91,8.57
[2H]C(=O)OCCCCCCCC,11.18,1.7,9.9
[2H]C1CCC(CCCC)CC1,4.78,1.91,9.91
[2H]C1CCC(CCCCC)CC1,11.52,1.92,5.83
[2H]C(=O)OCCCCCCCCC,12.11,1.7,10.75
[2H]N=Nc1ccc(Br)cn1,3.58,1.69,7.64
[2H]N1CCS(=O)(=O)CC1,7.05,1.68,3.91
[2H]N=Nc1ccc(CCCC)cc1,12.06,1.6,6.13
[2H]S(=O)(=O)c1ccccc1,4.36,1.91,6.54
[2H]C(=O)Oc1ccc(OC)cc1,9.98,1.7,5.76
[2H]C(O)=Nc1ccc(Br)cc1,4.06,1.7,8.66
[2H]C(=O)OCCCCCCCCCCCC,5.75,1.7,17.25
[2H]N=Nc1ccc(N(C)C)cc1,10.26,1.7,5.5
[2H]COC(=O)c1c(OC)cccc1OC,7.3,1.5,7.96
[2H]C1N=C(S)NC(C)=C1C(C)=O,4.9,1.9,5.53
[2H]C(=O)C=Cc1ccc(CCCC)cc1,5.53,1.39,13.02
[2H]N=c1[nH]cnc2cc(OC)c(OC)cc12,10.24,1.92,5.6
[2H]C(=O)c1c(CCCC)oc2ccccc12,7.93,1.79,7.43
[2H]C(=O)Oc1ccc(CCCCCCCC)cc1,15.41,1.7,10.54
[2H]C=NN=C(O)CSc1nc(C)cc(C)n1,6.86,1.68,11.29
[2H]S(=O)(=O)c1ccc(OC(C)C)cc1,5.98,1.92,9.6
[2H]C=NN1CCN(Cc2ccc(C)cc2C)CC1,4.64,1.61,10.11
[2H]C1C(C#N)=C(N)Oc2n[nH]c(C)c21,5.0,2.24,5.44
[2H]COc1cc(C(=O)OC)cc(C(=O)OC)c1,10.84,1.89,8.61
[2H]C1N=C(S)NC2=C1C(=O)CC(C)(C)C2,5.49,1.89,7.37
[2H]CC(N=C(O)CCCCCCCCCCCCC)C(=O)OC,14.79,1.53,15.28
[2H]C(=C(c1ccccc1)c1ccccc1)c1ccccc1,8.37,2.48,6.74
[2H]CC(N=C(O)OC(C)(C)C)C(=O)OCc1ccccc1,7.12,1.54,9.21
[2H]Oc1cc2c(cc1OC)CCN(C)C2Cc1ccc(OC)cc1,8.85,1.34,7.67
[2H]C1C2CN(C)CC=C2C(C#N)=C(N)C1(C#N)C#N,6.27,2.04,7.06
[2H]N=C(S)NC(N=C(O)C(C)(C)C)C(Cl)(Cl)Cl,8.18,3.17,6.16
[2H]N=C(O)CCCCCN1C(=O)C(=Cc2cccs2)SC1=S,4.62,1.54,9.23
[2H]C=C1SC(=S)N(C(Cc2ccccc2)C(=O)O)C1=O,8.82,1.71,8.15
[2H]NS(=O)(=O)c1ccc(NC(=O)CCCCCCCCC)cc1,18.68,1.59,12.66
[2H]C(O)=NN=Cc1c(N2CCOCC2)nc2ccccn2c1=O,12.39,1.78,8.57
[2H]OC1=NC(=O)c2c(Cl)c(Cl)c(Cl)c(Cl)c21,8.9,1.8,7.29
[2H]C(=C(CC)c1ccccc1)c1ccc(OCCN(C)C)cc1,8.49,2.43,10.78
[2H]C(O)=NN=C1C(=O)N(CC(=O)OC)c2ccccc21,10.55,1.7,8.19
[2H]C=C1C(=O)N(c2ccccc2)N(c2ccccc2)C1=O,9.4,1.7,9.48
[2H]NS(=O)(=O)c1ccc(NC(=O)C(CC)CCCC)cc1,8.12,1.5,12.18
[2H]C=NN=C(O)CN=C(O)Nc1cccc(C(F)(F)F)c1,9.47,1.67,12.49
[2H]CONc1ccc(S(=O)(=O)Nc2ccc(OC)nn2)cc1,5.88,1.51,11.0
[2H]CC(N=C(O)OCc1ccccc1)C(O)=NC(C)C(=O)O,7.2,1.53,9.75
[2H]C=NNC(=O)C(=O)Nc1ccccc1C(=O)N1CCOCC1,8.06,1.68,11.82
[2H]C(O)=Nc1nc(C(O)=NCCN(C(C)C)C(C)C)cs1,4.45,1.46,11.61
[2H]C(=O)N1N=C(C)C(=CNC(=S)c2ccncc2)C1=O,6.6,1.35,9.69
[2H]C(O)=NN=C1C(=O)N(CC(=O)OCC)c2ccccc21,10.96,1.7,8.19
[2H]C=NN=C(O)CN=C(O)c1cc(OC)c(OC)c(OC)c1,11.43,1.7,11.69
[2H]C=NN=C(O)CSc1nc2ccccc2n1Cc1ccc(C)cc1,13.99,1.7,10.78
[2H]C=NNc1ncnc2sc3c(c12)CC(C(C)(C)CC)CC3,8.05,1.7,8.46
[2H]C(O)=NN=C1C(=O)N(Cc2ccccc2)c2ccccc21,11.36,1.7,8.19
[2H]C(O)=NN=Cc1ccc(OC(=O)c2cccc(C)c2)cc1,17.06,1.8,6.35
[2H]C(O)=NN=Cc1c(N2CCCCCC2)nc2ccccn2c1=O,12.3,1.75,8.59
[2H]NS(=O)(=O)c1ccc(NC(=O)CC(C)CCCCC)cc1,12.79,1.92,9.4
[2H]OC1=NC(=O)SC1=C1C(=O)N(C)c2ccccc21,10.57,1.88,5.87
[2H]OC1=NC(=S)SC1=C1C(=O)N(C)c2ccccc21,10.56,1.81,6.58
[2H]C=Nc1ccc(SCC(O)=Nc2ccc(F)c(Cl)c2)cc1,3.91,1.47,8.6
[2H]C(O)=NN=Cc1ccc(OC(=O)C=Cc2ccccc2)cc1,19.38,1.7,6.21
[2H]CC(N=C(O)OCc1ccccc1)C(O)=NC(C)C(=N)O,6.87,1.53,10.12
[2H]C(O)=NN=Cc1c(Sc2ncccn2)nc2ccccn2c1=O,12.01,2.19,7.59
[2H]C=NNC(=O)c1n[nH]c2c1CC(CC(C)(C)C)CC2,8.1,1.68,12.23
[2H]C(C)=NN=C(O)CSc1nc2ccccc2n1Cc1ccccc1,4.69,1.86,8.78
[2H]C1Oc2ccccc2C2CC(c3ccc4ccccc4c3)=NN12,7.99,1.82,11.13
[2H]C(C)=NNc1nc2c(c(=O)n(C)c(=O)n2C)n1CC,7.11,2.09,10.36
[2H]CC(N=C(O)C(Cc1ccccc1)N=C(C)O)C(=O)OC,7.08,1.53,11.13
[2H]CC(N=C(O)CN(C)C(=O)OCc1ccccc1)C(=N)O,6.89,1.53,8.34
[2H]C(O)=NN=Cc1cc(Br)ccc1OC(=O)c1ccccc1C,10.68,1.95,10.75
[2H]N=C(S)NC(N=C(O)c1ccccc1C)C(Cl)(Cl)Cl,9.16,3.09,7.77
[2H]C(O)=NNC(S)=NC(N=C(O)CCC)C(Cl)(Cl)Cl,8.13,2.22,7.16
[2H]CC(N=C(O)C(N)CO)C(O)=Nc1ccc2ccccc2c1,6.96,1.53,10.32
[2H]C=NNC(=O)C(=O)Nc1ccccc1C(O)=NC1CCCCC1,8.7,1.66,11.63
[2H]C(O)=NN=Cc1cccc(OC(=O)c2ccc(OC)cc2)c1,13.16,1.67,12.79
[2H]C=NN=C(O)CSc1nc2ccccc2n1Cc1ccc(Cl)cc1,5.27,1.7,12.18
[2H]C=NNC(=O)c1ccc(NS(=O)(=O)c2ccccc2)cc1,3.93,1.68,12.03
[2H]C=NNC(=O)C(=O)Nc1ccccc1C(O)=Nc1ccccc1,12.72,1.7,11.19
[2H]CC(N=C(O)C(C)N=C(O)OCc1ccccc1)C(=O)OC,10.44,1.53,8.47
[2H]CC(N=C(O)C(CO)N=C(O)OCc1ccccc1)C(=O)O,8.87,1.53,9.36
[2H]C(O)=NN=Cc1ccc(OC(=O)c2ccc(OC)cc2)cc1,19.09,1.7,5.54
[2H]C(O)=NN=Cc1ccc(OCc2ccc(Cl)cc2)c(OC)c1,18.04,2.37,5.19
[2H]CC(N=C(O)CN(C)C(=O)OCc1ccccc1)C(=O)OC,7.92,2.27,7.59
[2H]C1N=C(O)NC(O)(C(F)(F)F)C1C(=O)c1cccs1,5.64,1.64,8.04
[2H]C(O)=NN=Cc1ccc(OC(=O)c2ccc(Br)cc2)cc1,18.63,1.71,5.52
[2H]C(=NN=C(O)OC)C(C)C1(O)C(O)=Nc2ccccc21,5.22,1.92,7.32
[2H]CC(O)=NN=C1C(=O)N(CC(=O)OCC)c2ccccc21,7.73,1.52,11.32
[2H]C(O)=NN=Cc1c(SCc2ccccc2)nc2ccccn2c1=O,12.7,1.7,10.69
[2H]C(O)=NN=Cc1cccc(OC(=O)c2ccc(Cl)cc2)c1,13.49,1.69,12.07
[2H]C(=O)OC1CC(C)=CCC2(C)CCC(O)(C(C)C)C12,8.24,2.09,6.37
[2H]C=Nc1ccc(SCC(O)=Nc2ccc(Cl)c(Cl)c2)cc1,3.91,1.47,8.6
[2H]CC(N=C(O)C(CO)N=C(O)OCc1ccccc1)C(=N)O,7.55,1.53,10.16
[2H]NS(=O)(=O)c1ccc(OCCCCCCCCCCCCCCCC)cc1,10.34,1.49,24.47
[2H]C(C)=NNc1nc2c(c(=O)n(C)c(=O)n2C)n1CCC,8.16,2.08,10.36
[2H]N=C(O)C(Cc1ccccc1)N1C(=O)c2ccccc2C1=O,4.63,1.51,8.98
[2H]C(N)C(O)=NC1C(=O)N2C1SC(C)(C)C2C(=O)O,10.98,2.4,5.7
[2H]C(O)=NN=Cc1ccc(OC(=O)c2cccc(Br)c2)cc1,16.89,1.71,5.52
[2H]N=C(S)NC(N=C(O)OCc1ccccc1)C(Cl)(Cl)Cl,8.06,3.29,8.42
[2H]C(CC)=NN=C(O)CSc1nc2ccccc2n1Cc1ccccc1,4.7,2.8,8.75
[2H]N=C(O)c1ccc(OCCCCCCCCCCCCCCCC)c(OC)c1,4.59,1.69,17.56
[2H]C(O)=NN=Cc1ccc(OC(=O)c2cccc(Cl)c2)cc1,16.88,1.71,5.52
[2H]C(O)=NN=Cc1ccc(OC(=O)c2ccc(Cl)cc2)cc1,18.33,1.71,5.52
[2H]OC1=NC(=O)c2ccc(N3CCCCC3)c3cccc1c23,11.46,1.35,8.39
[2H]CC(N=C(O)C(C)N=C(O)OCc1ccccc1)C(O)=NN,7.32,1.53,9.6
[2H]C(O)=NN=Cc1cc(Br)ccc1OC(=O)c1ccccc1Cl,10.67,2.11,10.74
[2H]N=C1NC(=O)C(=Cc2c3ccccc3cc3ccccc23)S1,6.25,1.68,11.35
[2H]OC1=Nc2ccc(Br)cc2C1=C1SC(=S)N=C1O,10.09,1.72,9.05
[2H]C(O)(c1ccc(OCCN(C)C)cc1)C(CC)c1ccccc1,8.26,2.6,10.93
[2H]C1C(C(=O)c2ccco2)=C(O)C(=O)N1Cc1ccco1,4.95,2.01,8.15
[2H]C(O)=NN=Cc1ccc(OC(=O)c2ccccc2)c(OC)c1,16.87,2.18,5.19
[2H]N=C(S)NC(N=C(O)COc1ccccc1)C(Cl)(Cl)Cl,8.06,3.5,8.05
[2H]CCOC1OC(COC2OCC(O)(CO)C2O)C(O)C(O)C1O,5.83,1.54,13.26
[2H]C1C(C(=O)OCC=C)=C(C)NC(C)=C1C(=O)OCC=C,5.5,4.45,6.87
[2H]C(O)=NN=Cc1ccccc1OC(=O)c1sc2ccccc2c1Cl,10.49,2.66,8.71
[2H]C(N)C(O)=NC1C(=O)N2C(C(=O)O)=C(C)CSC12,4.57,1.8,9.32
[2H]C(C)=NN=C(O)CSc1nc2ccccc2n1Cc1ccccc1Cl,5.06,1.88,10.11
[2H]C1Oc2ccc(Br)cc2C2CC(c3ccc(OC)cc3)=NN12,9.71,1.82,11.21
[2H]C=NNC(=O)C(=O)Nc1sc2c(c1C(=O)OCC)CCCC2,14.68,1.58,8.89
[2H]C=NNC(=O)c1ccc(NC(O)=Nc2cccc(Cl)c2)cc1,12.95,1.7,9.58
[2H]C(O)=NNC(S)=NC(N=C(O)CCCCC)C(Cl)(Cl)Cl,8.13,2.22,9.26
[2H]C(O)=Nc1ccc(Cl)cc1CN1C(=O)c2ccccc2C1=O,4.83,1.84,10.34
[2H]C(O)=NN=Cc1cc(Br)ccc1OC(=O)c1cccc(C)c1,10.68,1.95,12.02
[2H]CC(N=C(O)OCc1ccccc1)C(O)=NC(CO)C(=O)OC,9.53,1.54,8.19
[2H]N=C(S)NC(NC(=O)c1ccc(C)cc1)C(Cl)(Cl)Cl,8.27,3.52,9.27
[2H]N=C(S)NC(N=C(O)C=Cc1ccccc1)C(Cl)(Cl)Cl,8.03,3.26,8.98
[2H]CC(N=C(C)O)C(O)=NC(C(O)=NCC(=O)O)C(C)C,6.99,1.54,8.89
[2H]C1N=C(O)NC(O)(C(F)(F)F)C1C(=O)c1ccccc1,4.33,2.23,7.33
[2H]OC1OC(COC(C)=O)C(OC(C)=O)C(OC(C)=O)C1O,8.39,1.53,7.57
[2H]C(O)=NN=Cc1c(OCc2ccc(F)cc2)ccc2ccccc12,10.61,1.92,8.91
[2H]C(C)=NN=C(O)Cn1cnc2c1c(=O)n(C)c(=O)n2C,4.69,2.18,9.68
[2H]C1=Nn2c(CCN3c4ccccc4Sc4ccccc43)nnc2SC1,8.01,2.42,7.9
[2H]C(O)=NN=Cc1ccc(OCc2ccc(Cl)cc2)c(OCC)c1,18.09,2.5,5.19
[2H]C1C(C(=O)c2ccco2)=C(O)C(=O)N1Cc1cccnc1,6.94,3.2,8.11
[2H]C1Oc2ccc(Cl)cc2C2CC(c3ccc(OC)cc3)=NN12,11.99,1.78,8.45
[2H]CNN=C1C(=O)N(CC(O)=Nc2ccccc2)c2ccccc21,8.95,1.53,9.43
[2H]C(C)=NNC(=O)c1n[nH]c2c1CC(C(C)(C)C)CC2,6.87,2.04,12.1
[2H]C(O)=NN=Cc1cc(Br)ccc1OC(=O)c1ccc(C)cc1,10.68,1.95,11.96
[2H]C(c1ccc(Br)s1)N1CCN(C(=O)OC(C)(C)C)CC1,8.66,2.01,9.48
[2H]C(O)=NN=Cc1cc(Br)ccc1OC(=O)C=Cc1ccccc1,10.68,1.9,13.24
[2H]C1Oc2c(Cl)cc(Cl)cc2C2CC(c3ccccc3)=NN12,9.87,1.94,8.45
[2H]C1C(C(=O)OC)=C(C)NC2=C1C(=O)CC(C)(C)C2,5.48,2.82,7.38
[2H]C1Oc2ccccc2C2CC(c3ccc(OC)c(OC)c3)=NN12,11.94,1.78,8.11
[2H]C1Oc2ccc(Cl)cc2C2CC(c3ccc(Cl)cc3)=NN12,9.42,1.89,10.83
[2H]OC(=NCc1ccccc1)c1c(Cl)cc(N(C)C)cc1Cl,10.26,1.29,8.86
[2H]C(O)=NN=Cc1ccc(OC(=O)c2ccccc2)c(OCC)c1,16.87,2.25,5.19
[2H]CC(N=C(O)C(CO)N=C(O)OCc1ccccc1)C(=O)OC,6.22,1.53,10.69
[2H]CC(N=C(O)OC(C)(C)C)C(=O)ON1C(=O)CCC1=O,4.9,1.53,8.63
[2H]C1Oc2ccc(Cl)cc2C2CC(c3ccc(Br)cc3)=NN12,11.56,1.78,8.45
[2H]C(O)=NN=Cc1ccc(OC(=O)c2ccc(OCC)cc2)cc1,20.31,1.7,5.54
[2H]C=NNc1nc2c(c(=O)n(C)c(=O)n2C)n1CC(=C)C,9.94,1.7,9.1
[2H]C1C2C(=O)N(c3ccccc3)C(=O)C2ON1c1ccccc1,5.25,1.9,9.19
[2H]C(O)=Nc1cc(N=C(O)c2cccc(N(C)C)c2)ccc1C,6.91,1.99,11.2
[2H]C(O)=NN=C(O)CCN1C(=O)C(=Cc2cccs2)SC1=S,16.48,2.38,5.25
[2H]C=CC(=O)c1sc(N=C(S)N=C(O)C(C)(C)C)nc1C,4.3,1.67,11.11
[2H]C(O)=NN=Cc1c(OC(=O)c2ccccc2)ccc2ccccc12,10.54,1.75,7.95
[2H]C1C(C(=O)OCC)=C(C)NC2=C1C(=O)CC(C)(C)C2,6.41,2.68,7.17
[2H]C(C)=NN=C(O)CSc1nc2ccccc2n1Cc1ccc(C)cc1,4.96,1.88,12.15
[2H]C=NN=C(O)c1ccccc1NS(=O)(=O)c1ccc(Cl)cc1,4.89,1.7,10.14
[2H]C1C2C(=O)N(Cc3ccccc3)C(=O)C2ON1c1ccccc1,8.62,2.37,8.14
[2H]CC(N=C(O)C(CCC)N=C(O)OCc1ccccc1)C(=O)OC,7.47,1.53,10.72
[2H]C(=NNS(=O)(=O)CCCCCCCCCCCCCCCC)N1CCOCC1,7.44,2.81,21.2
[2H]C(CC)=NN=C(O)CSc1nc2ccccc2n1Cc1ccccc1Cl,5.36,1.9,12.4
[2H]C(C)=NNC(=O)c1n[nH]c2c1CC(C(C)(C)CC)CC2,6.9,2.03,12.1
[2H]CC(N=C(O)C(CCCC)N=C(O)OCc1ccccc1)C(=N)O,9.1,1.53,10.36
[2H]N=C(S)NC(N=C(O)c1cccc(Cl)c1)C(Cl)(Cl)Cl,10.36,3.11,7.49
[2H]C(O)=NN=Cc1ccc(OC(=O)c2ccccc2Cl)c(OC)c1,16.92,2.21,5.61
[2H]CNc1ccc(SCC(=O)Nc2ccc(OC(F)(F)F)cc2)cc1,8.61,1.7,10.5
[2H]C(O)=NN=Cc1cccc(OC(=O)c2ccc(Cl)cc2Cl)c1,13.8,2.86,7.96
[2H]C=C1N=C(SCC(=O)c2ccccc2)N(c2ccccc2)C1=O,9.76,1.66,7.84
[2H]C(O)C(=NNC(=N)S)c1nc2ccc(Cl)cc2nc1O,11.22,1.9,7.87
[2H]C(CC)=NN=C(O)Cn1cnc2c1c(=O)n(C)c(=O)n2C,6.32,2.03,11.58
[2H]C(O)=NN=Cc1cc(Br)ccc1OC(=O)c1ccc(OC)cc1,10.68,1.9,12.72
[2H]Nc1c(Cc2ccccc2)c(C)c(C#N)c2nc3ccccc3n12,8.39,1.69,7.79
[2H]C1C(C(O)=Nc2ccccn2)=C(C)NC2=C1C(=O)CCC2,5.55,2.3,9.27
[2H]C(O)=NN=Cc1ccc(OC(=O)c2cccc3ccccc23)cc1,17.55,1.99,7.49
[2H]CC(N=C(O)C(N)C(C)C)C(O)=NC(C(=O)O)C(C)C,7.72,1.54,6.93
[2H]C(C)=NNc1ncnc2sc3c(c12)CC(C(C)(C)CC)CC3,8.73,2.19,7.78
[2H]C(O)=NN=C(O)CCCN1C(=O)C(=Cc2cccs2)SC1=S,8.4,1.7,7.44
[2H]C(O)=NN=Cc1cc(Br)ccc1OC(=O)c1ccc(Cl)cc1,10.68,1.91,12.02
[2H]C(O)=NN=Cc1ccc(OC(=O)c2ccc(Cl)cc2Cl)cc1,18.42,1.81,5.34
[2H]C(O)=NN=Cc1ccc(OC(=O)c2ccc(OCCC)cc2)cc1,21.63,1.7,5.54
[2H]C(O)=NN1C(=O)C(=C2C(O)=Nc3ccccc32)SC1=S,4.75,1.95,11.08
[2H]CC(N=C(O)C(N)CCCCN)C(O)=NC(CCCCN)C(=O)O,9.43,1.53,9.24
[2H]C(O)=NN=C1COC(Nc2ccc(Br)cc2)=C1C(=O)OCC,11.53,1.89,11.68
[2H]CCN=c1[nH]cc(C(=N)O)c(=NCc2ccccc2)[nH]1,10.38,1.88,9.09
[2H]C(O)=NN=Cc1ccc(OC(=O)c2sc3ccccc3c2Cl)cc1,18.93,1.67,5.37
[2H]C=NNC(=O)C(=O)Nc1ccccc1C(=O)Nc1ccc(C)cc1,12.72,1.7,13.84
[2H]C(O)=NN=Cc1ccc(OC(=O)c2ccc(C)cc2)c(OC)c1,17.85,2.17,5.19
[2H]CC(N=C(O)OCc1ccccc1)C(O)=NC(C(=N)O)C(C)O,6.87,1.53,10.33
[2H]C=NN=C(O)COc1ccc2oc(C)c(C(=O)OC(C)C)c2c1,4.84,1.67,13.96
[2H]C(=O)CC(CCC(=O)Nc1ccc(Cl)cc1C)=NNC(O)=NN,9.48,2.6,9.42
[2H]C=NNc1nc2c(c(=O)n(C)c(=O)n2C)n1Cc1ccccc1,7.42,1.67,10.33
[2H]CC(N=C(O)C(N=C(O)OCc1ccccc1)C(C)C)C(=O)O,7.37,1.53,8.6
[2H]C1C(C(=O)OCc2ccccc2)=C(C)NC2=C1C(=O)CCC2,5.51,3.56,8.77
[2H]C(=NNC(=O)c1ccncc1)C(C)C1OC(=O)c2ccccc21,6.45,2.96,8.61
[2H]C=Nc1ccc(SCC(=O)Nc2ccc(OC(F)(F)F)cc2)cc1,10.78,1.7,12.13
[2H]C(O)=NN=Cc1cccc(OC(=O)c2sc3ccccc3c2Cl)c1,14.25,2.51,8.45
[2H]C(O)=NN=Cc1ccc(OC(=O)C=Cc2ccccc2)c(OC)c1,19.26,1.79,5.19
[2H]CC(N=C(O)OCc1ccccc1)C(O)=NCC(O)=NCC(=N)O,6.87,1.53,10.14
[2H]C=NNc1nc2c(c(=O)n(C)c(=O)n2C)n1CC=C(C)Cl,10.16,1.7,9.12
[2H]C=NNC(=O)C(=O)Nc1ccccc1C(O)=Nc1cccc(C)c1,10.43,1.63,11.67
[2H]C=NNC(=O)c1ccc(NS(=O)(=O)c2ccc(C)cc2)cc1,4.57,1.69,14.34
[2H]C1C(C(=O)OC(C)C)=C(C)NC(C)=C1C(=O)OC(C)C,5.54,4.53,6.85
[2H]NC(=O)C=C(C)C=CC=C(C)C=CC1=C(C)CCCC1(C)C,17.36,1.2,7.21
[2H]C(O)=NN=Cc1c(N(C)Cc2ccccc2)nc2ccccn2c1=O,12.09,2.02,7.09
[2H]C(O)=NN=Cc1cc(Br)ccc1OC(=O)c1ccc(OCC)cc1,10.68,1.94,13.97
[2H]C(O)=NN=C1C(=O)N(Cc2ccccc2)c2ccc(Br)cc21,11.32,1.7,8.55
[2H]C1(C)CCN(CC(Cc2ccccc2)C(O)=NCC(=O)O)CC1C,9.28,2.78,10.86
[2H]C(C)=NN=C(O)CSc1nc2ccccc2n1Cc1ccc(Cl)cc1,4.9,1.88,12.1
[2H]C=C1C(=O)N(c2ccccc2)C(=S)N(c2ccccc2)C1=O,10.57,1.7,9.11
[2H]C(CC)=NN=C(O)CSc1nc2ccccc2n1Cc1ccc(C)cc1,4.96,2.83,12.2
[2H]C1=NN(C(=O)c2ccc(C)cc2)C(=O)C1CN(CC)CCCC,11.58,3.58,6.51
[2H]C1C(CCC(O)c2ccc(F)cc2)C(=O)N1c1ccc(F)cc1,5.56,2.02,9.38
[2H]C1Oc2ccc(Br)cc2C2CC(c3ccc4ccccc4c3)=NN12,9.72,1.88,11.13
[2H]CC(N=C(O)C(CCCC)N=C(O)OCc1ccccc1)C(=O)OC,7.93,1.53,12.32
[2H]C1Oc2ccc(Cl)cc2C2CC(c3ccc4ccccc4c3)=NN12,12.08,1.78,8.45
[2H]C(O)=NN=Cc1ccc(OC(=O)c2ccc(OCCCC)cc2)cc1,22.86,1.7,5.54
[2H]C1C(C(=O)c2ccc(F)cc2)=C(O)C(=O)N1c1nncs1,5.05,2.38,9.27
[2H]CC(Nc1ncnc2c1ncn2C1OC(CO)C(O)C1O)C(=O)OC,12.76,1.53,7.22
[2H]CC(N=C(O)C(N=C(O)OCc1ccccc1)C(C)O)C(=N)O,6.19,1.53,10.07
[2H]CC(N=C(O)C(N=C(O)OCc1ccccc1)C(C)C)C(=N)O,6.11,3.32,7.92
[2H]C1C(C(O)=Nc2ccccc2F)=C(C)NC2=C1C(=O)CCC2,7.4,4.06,6.26
[2H]C1C(C(=O)OC)S(=O)(=O)CS(=O)(=O)C1C(=O)OC,6.52,2.32,6.69
[2H]C1C2C(=O)N(c3ccccc3Cl)C(=O)C2ON1c1ccccc1,10.58,2.37,7.08
[2H]CC(N=C(O)C(CCSC)N=C(O)OCc1ccccc1)C(=O)OC,7.62,1.53,10.37
[2H]C=NNC(=O)c1ccc(NS(=O)(=O)c2ccc(Cl)cc2)cc1,13.81,2.19,7.5
[2H]C1C(C(=O)c2ccc(C)o2)=C(O)C(=O)N1Cc1cccnc1,5.57,2.13,8.5
[2H]C=NN=C(O)CN1CCN(S(=O)(=O)c2ccc(Br)cc2)CC1,7.45,1.7,15.27
[2H]CC(N=C(O)C(N=C(O)OCc1ccccc1)C(C)O)C(=O)OC,9.73,1.54,10.0
[2H]C(O)=NN=C1COC(Nc2cccc3ccccc23)=C1C(=O)OCC,13.27,1.93,10.06
[2H]C=NN=C(O)c1cc(C23CC4CC(CC(C4)C2)C3)n[nH]1,14.07,1.93,5.55
[2H]C(O)=NN=Cc1cc(Br)ccc1OC(=O)c1ccc(OCCC)cc1,10.68,1.9,15.04
[2H]C=NNC(=O)C(=O)Nc1ccccc1C(=O)Nc1ccc(Cl)cc1,11.53,1.7,12.9
[2H]C(C)(C)c1ccc(OC2OC(C(=O)O)C(O)C(O)C2O)cc1,7.68,2.77,11.01
[2H]C(CC)=NN=C(O)CSc1nc2ccccc2n1Cc1ccc(Cl)cc1,4.9,2.82,12.1
[2H]CC(N=C(O)C(N=C(O)OCc1ccccc1)C(C)C)C(O)=NN,5.45,1.53,8.6
[2H]C=NNC(=O)C(=O)Nc1ccccc1C(=O)Nc1ccc(Br)cc1,12.72,1.7,14.45
[2H]N=C1NC(=O)C(=Cc2ccc(OCc3ccc(Cl)cc3)cc2)S1,6.25,1.69,17.03
[2H]C(O)=NN=Cc1c(N2CC(C)OC(C)C2)nc2ccccn2c1=O,12.38,1.9,9.77
[2H]C(O)=NN=Cc1ccc(OC(=O)c2ccc(OC)cc2)c(OC)c1,19.04,2.17,5.19
[2H]C=NNC(=O)C(=O)Nc1sc2c(c1C(=O)OCC)CCC(C)C2,8.13,1.66,14.26
[2H]C1N=C(O)NC(O)(C(F)(F)F)C1C(=O)c1ccc(C)cc1,4.32,2.28,8.54
[2H]C1N=C(O)NC(O)(C(F)(F)F)C1C(=O)c1ccc(F)cc1,7.08,1.78,8.94
[2H]C(O)=NN=Cc1ccc(OC(=O)c2ccc(Cl)cc2)c(OC)c1,18.31,2.19,5.19
[2H]CC(N=C(O)C(CC(C)C)N=C(O)C(N)CC(C)C)C(=O)O,6.32,1.53,11.44
[2H]C1Oc2c(Cl)cc(Cl)cc2C2CC(c3ccc(C)cc3)=NN12,9.41,1.87,10.53
[2H]C=NNc1nc2c(c(=O)n(C)c(=O)n2C)n1CCc1ccccc1,10.59,1.67,10.3
[2H]C1C(C(=O)c2ccc(OCC=C)cc2)=C(O)C(=O)N1CCOC,5.03,2.04,13.31
[2H]C(O)=NN=Cc1c(Sc2nc3ccccc3s2)nc2ccccn2c1=O,12.54,1.7,8.21
[2H]CC(N=C(O)C(N=C(O)OCc1ccccc1)C(C)C)C(=O)OC,8.97,1.53,12.32
[2H]CC(N=C(O)C(CC(C)C)N=C(O)OCc1ccccc1)C(=N)O,7.51,1.53,10.21
[2H]C1C(C#N)=C(N)Oc2cc(C)n(Cc3cccnc3)c(=O)c21,5.05,2.03,9.41
[2H]C(O)=NN=C(O)CCCCCN1C(=O)C(=Cc2cccs2)SC1=S,9.78,2.14,10.77
[2H]C=NNc1nncc2ccccc12,8.3,1.7,8.15
[2H]CCCOC(C)=O,7.7,1.56,6.09
[2H]C(O)C=C,4.1,1.77,4.5
